Workbook

Sheet Explanation
A1: Dispute lawyers: This is interesting (pun-intended)
A2: Judicial interest paragraphs often look simple (“2.5% per annum from [date] until [date]”), but courts quietly make different assumptions about how to turn dates into “years” in calculating interest.
A3: In some cases, the calculation uses a type of Day Count Convention known as “Actual/365 Fixed” (actual number of days ÷ 365); in others, it uses an “Anniversary/365” style (whole calendar years counted as integers, with only leftover days ÷ 365). A third approach, Actual/Actual, weights each day by whether it falls in a leap year. These choices affect leap years, stub periods, and ultimately the total interest.
A5: Example A – Waddington Ltd v Chan Chun Hoo Thomas (HCA 3291/2003)
A6: The court stated that the 1st Defendant must pay “simple interest at 2.5% per annum on the judgment sum of HK$33,511,220.32 from 28 September 2000 until the date of judgment”, and later noted that the 1st Defendant paid “the sum of HK$44,597,466.49 (comprising the Judgment Sum and pre‑judgment interest thereon at 2.5% per annum) into court”. The interest component is HK$44,597,466.49 − HK$33,511,220.32 = HK$11,086,246.17.
A7: In this tool, that figure is reproduced by assuming that every calendar day between the start and end dates that we choose to “include” contributes 1/365 of a year (Actual/365 Fixed). The period from 28 September 2000 to 18 December 2013 contains 4,830 interest days, derived as: 13 years × 365 + 3 leap‑year days (2004, 2008, 2012) + 2 (Sep) + 31 (Oct) + 30 (Nov) + 18 (Dec) + 1 (included start day bearing interest) = 4,830 days. The pre‑judgment interest then follows directly from the formula: HK$33,511,220.32 × 2.5% ÷ 365 × 4,830.00 = HK$11,086,246.17, matching the judgment.
A8: Example B – Easy Policy Finance Ltd v 陳海濱 (HCA 1256/2021, [2025] HKCFI 4295)
A9: The court set out the interest as follows: • “Interest from 21 August 2015 to 20 August 2021 at 24% p.a.: HK$10,765,000 × 24% × 6 years = HK$15,501,600.00.” • “Interest from 21 August 2021 to the date of this judgment (22 September 2025) at 24% p.a.: HK$10,765,000 × 24% × (133/365 days + 3 years + 265/365 days) = HK$10,567,985.75.”
A10: These expressions show that the court is effectively using an “Anniversary/365” convention: – Full calendar years are counted as whole numbers (6 years; then 3 years), and – Only the “stub” periods at the start and end are converted to days ÷ 365 (133/365 and 265/365). In this tool, that behaviour is captured by setting Day Count Convention = Anniversary/365 and choosing inclusive start/end flags so that the total year fraction equals 6 for the first period and 133/365 + 3 + 265/365 for the second.
A11: The judgment also refers to a “daily interest of HK$7,078.36” in the first period. That daily amount equals HK$10,765,000 × 24% ÷ 365, which assumes every year has 365 days. However, if we multiplied that daily interest by the actual number of days between 21 August 2015 and 20 August 2021 (including leap days, using “Actual/365 Fixed”), we would use 2,192 interest days, derived as: 6 × 365 days + 2 leap‑year days - 1 day (from 21 Aug to 20 Aug) + 1 (included start day bearing interest) = 2,192 days HK$7,078.36 × 2,192 ≈ HK$15,515,756.71 does not match the court’s HK$15,501,600.00 figure. The court’s number is only recovered if we treat the period as exactly 6 years of 365 days (ignoring leap days): HK$7,078.36 × 365 × 6 ≈ HK$15,501,600.00. This is precisely what the Anniversary/365 option in the Day Count Convention setting is intended to reflect.
A13: Let's give it a go!
A14: This tool makes those hidden assumptions explicit. You choose a Day Count Convention (Actual/365 Fixed, Anniversary/365, Actual/Actual) and set, for each period, whether the start and end days are included. The spreadsheet then computes a year fraction consistent with those choices and shows you, step‑by‑step, how the interest follows from the judgment’s wording.
... A20: The Explanation sheet (this page) converts the calculations into plain‑language statements for a clear understanding of the calculations.
A22: Short summary: | B22: Key settings summary (interpretation choices) :
B23: ="Day Count Convention: " & Input!C4 -> Day Count Convention: Actual/365 Fixed
A24: ="Total interest from " & TEXT(MIN(Calculation!B2:B1025),"dd mmm yyyy") & " to " & TEXT(MAX(Calculation!C2:C1025),"dd mmm yyyy") & " is HK$" & TEXT(SUM(Calculation!O2:O1025),"#,##0.00") & ", giving a total amount of HK$" & TEXT(MAX(Calculation!P2:P1025),"#,##0.00") & "." -> Total interest from 21 Aug 2015 to 22 Sep 2025 is HK$13,807,513.42, giving a total amount of HK$24,572,513.42. | B24: {=IF( Calculation!A2:A1025="", , "Period " & Calculation!A2:A1025 & " – Include Start: " & IF( INDEX(Input!$K$7:$K1025, Calculation!A2:A1025), "Yes", "No" ) & ", Include End: " & IF( INDEX(Input!$L$7:$L1025, Calculation!A2:A1025), "Yes", "No" ) )} -> Period 1 – Include Start: Yes, Include End: Yes
A25: Interest breakdown: | B25: Period 2 – Include Start: No, Include End: Yes
A26: {=IF( Calculation!A2:A1025="", , "Period " & Calculation!A2:A1025 & ": interest from " & TEXT(Calculation!B2:B1025,"dd mmm yyyy") & " to " & TEXT(Calculation!C2:C1025,"dd mmm yyyy") & " at " & TEXT(Calculation!G2:G1025,"0.00%") & " " & Lower(Calculation!F2:F1025) & " on the " & LOWER(Calculation!K2:K1025) & IF( Calculation!E2:E1025="Simple", ": HK$" & TEXT( IF( Calculation!K2:K1025="Initial Principal", Input!$C$2, Calculation!N2:N1025 ), "#,##0.00" ) & " × " & TEXT(Calculation!L2:L1025,"0.00%") & " × " & TEXT(Calculation!R2:R1025,"0.0000") & " years = HK$" & TEXT(Calculation!O2:O1025,"#,##0.00"), ", compounded " & SWITCH( Calculation!H2:H1025, "Monthly","monthly", "Quarterly","quarterly", "Semi-annual","semi-annually", "Annual","annually", LOWER(Calculation!H2:H1025) ) & ": HK$" & TEXT( IF( Calculation!K2:K1025="Initial Principal", Input!$C$2, Calculation!N2:N1025 ), "#,##0.00" ) & " × ((1 + " & TEXT(Calculation!L2:L1025,"0.00%") & "/" & SWITCH( Calculation!H2:H1025, "Monthly",12, "Quarterly",4, "Semi-annual",2, "Annual",1, 1 ) & ")^(" & SWITCH( Calculation!H2:H1025, "Monthly",12, "Quarterly",4, "Semi-annual",2, "Annual",1, 1 ) & "×" & TEXT(Calculation!R2:R1025,"0.0000") & ") - 1) = HK$" & TEXT(Calculation!O2:O1025,"#,##0.00") ) & ". This period has " & Calculation!D2:D1025 & " interest days" & IF( INDEX(Input!$K$7:$K1025,Calculation!A2:A1025), IF( INDEX(Input!$L$7:$L1025,Calculation!A2:A1025), " (including both the start day and the end day)", " (including the start day and excluding the end day)" ), IF( INDEX(Input!$L$7:$L1025,Calculation!A2:A1025), " (including the end day and excluding the start day)", " (excluding both the start day and the end day)" ) ) & ", which is " & TEXT(Calculation!R2:R1025,"0.0000") & " year(s), derived as: " & IF( Input!$C$4="Actual/365 Fixed", TEXT(Calculation!R2:R1025,"0.0000") & " year(s) = " & Calculation!D2:D1025 & " interest days ÷ 365.", IF( Input!$C$4="Anniversary/365", TEXT(Calculation!R2:R1025,"0.0000") & " year(s) = " & IF(Calculation!T2:T1025<>"",Calculation!T2:T1025 & " whole year(s) + ","") & Calculation!U2:U1025 & " day(s) ÷ 365.", IF( Input!$C$4="Actual/Actual", TEXT(Calculation!R2:R1025,"0.0000") & " year(s) = " & Calculation!V2:V1025 & " day(s) ÷ 365 + " & Calculation!W2:W1025 & " day(s) ÷ 366.", TEXT(Calculation!R2:R1025,"0.0000") & " year(s) following the selected convention." ) ) ) )} -> Period 1: interest from 21 Aug 2015 to 20 Aug 2021 at 5.00% per annum on the initial principal: HK$10,765,000.00 × 5.00% × 6.0055 years = HK$3,232,449.32. This period has 2192 interest days (including both the start day and the end day), which is 6.0055 year(s), derived as: 6.0055 year(s) = 2192 interest days ÷ 365.
A27: Period 2: interest from 20 Aug 2021 to 22 Sep 2025 at 24.00% per annum on the initial principal: HK$10,765,000.00 × 24.00% × 4.0932 years = HK$10,575,064.11. This period has 1494 interest days (including the end day and excluding the start day), which is 4.0932 year(s), derived as: 4.0932 year(s) = 1494 interest days ÷ 365.

Sheet Input
A1: Initial information
B2: Initial Principal | C2: 10765000
B3: Start Date | C3: 42237
B4: Day Count Convention | C4: Actual/365 Fixed
A5: Period table
A6: Period ID | B6: Start Date | C6: End Date | D6: Interest Type | E6: Interest Basis | F6: Nominal Rate | G6: Rate Basis | H6: Compounding Freq. | I6: Adjust. to Start Sum | J6: Adjust. to End Sum | K6: Include Start Day | L6: Include End Day
A7: =IF($C7="","",IF(ROW()=7,1,A6+1)) -> 1 | B7: =IF($C7="","",IF(ROW()=7,Input!$C$3,C6)) -> 42237 | C7: 44428 | D7: Simple | E7: Initial Principal | F7: 0.05 | G7: Per annum | H7: Annual | I7: 0 | J7: 0 | K7: TRUE | L7: TRUE
A8: =IF($C8="","",IF(ROW()=7,1,A7+1)) -> 2 | B8: =IF($C8="","",IF(ROW()=7,Input!$C$3,C7)) -> 44428 | C8: 45922 | D8: Simple | E8: Initial Principal | F8: 0.24 | G8: Per annum | H8: Annual | I8: 0 | J8: 0 | K8: FALSE | L8: TRUE
A9: =IF($C9="","",IF(ROW()=7,1,A8+1)) | B9: =IF($C9="","",IF(ROW()=7,Input!$C$3,C8)) | I9: 0 | J9: 0 | K9: FALSE | L9: TRUE
A10: =IF($C10="","",IF(ROW()=7,1,A9+1)) | B10: =IF($C10="","",IF(ROW()=7,Input!$C$3,C9)) | I10: 0 | J10: 0 | K10: FALSE | L10: TRUE
A11: =IF($C11="","",IF(ROW()=7,1,A10+1)) | B11: =IF($C11="","",IF(ROW()=7,Input!$C$3,C10)) | I11: 0 | J11: 0 | K11: FALSE | L11: TRUE
A12: =IF($C12="","",IF(ROW()=7,1,A11+1)) | B12: =IF($C12="","",IF(ROW()=7,Input!$C$3,C11)) | I12: 0 | J12: 0 | K12: FALSE | L12: TRUE
A13: =IF($C13="","",IF(ROW()=7,1,A12+1)) | B13: =IF($C13="","",IF(ROW()=7,Input!$C$3,C12)) | I13: 0 | J13: 0 | K13: FALSE | L13: TRUE
A14: =IF($C14="","",IF(ROW()=7,1,A13+1)) | B14: =IF($C14="","",IF(ROW()=7,Input!$C$3,C13)) | I14: 0 | J14: 0 | K14: FALSE | L14: TRUE
A15: =IF($C15="","",IF(ROW()=7,1,A14+1)) | B15: =IF($C15="","",IF(ROW()=7,Input!$C$3,C14)) | I15: 0 | J15: 0 | K15: FALSE | L15: TRUE
A16: =IF($C16="","",IF(ROW()=7,1,A15+1)) | B16: =IF($C16="","",IF(ROW()=7,Input!$C$3,C15)) | I16: 0 | J16: 0 | K16: FALSE | L16: TRUE
A17: =IF($C17="","",IF(ROW()=7,1,A16+1)) | B17: =IF($C17="","",IF(ROW()=7,Input!$C$3,C16)) | I17: 0 | J17: 0 | K17: FALSE | L17: TRUE
A18: =IF($C18="","",IF(ROW()=7,1,A17+1)) | B18: =IF($C18="","",IF(ROW()=7,Input!$C$3,C17)) | I18: 0 | J18: 0 | K18: FALSE | L18: TRUE
A19: =IF($C19="","",IF(ROW()=7,1,A18+1)) | B19: =IF($C19="","",IF(ROW()=7,Input!$C$3,C18)) | I19: 0 | J19: 0 | K19: FALSE | L19: TRUE
A20: =IF($C20="","",IF(ROW()=7,1,A19+1)) | B20: =IF($C20="","",IF(ROW()=7,Input!$C$3,C19)) | I20: 0 | J20: 0 | K20: FALSE | L20: TRUE
... A1008: =IF($C1008="","",IF(ROW()=7,1,A1007+1)) | B1008: =IF($C1008="","",IF(ROW()=7,Input!$C$3,C1007)) | I1008: 0 | J1008: 0 | K1008: FALSE | L1008: TRUE

Sheet Visualisation

Sheet Calculation
A1: Period ID | B1: Start | C1: End | D1: Days | E1: Type | F1: Basis | G1: Nominal Rate | H1: Comp Freq | I1: Start Contrib | J1: End Contrib | K1: Interest Basis | L1: Annualised Nominal Rate | M1: Effective Period Rate | N1: Principal Start | O1: Interest | P1: Principal End | Q1: Cumulative Interest | R1: Year Fraction | S1: Effective Annual Rate | T1: Whole Years (Anniv) | U1: Stub Days (Anniv)
A2: {=IF(Input!A7:A1503="",,Input!A7:A1503)} -> 1 | B2: {=IF(Input!B7:B1503="",,Input!B7:B1503)} -> 42237 | C2: {=IF(Input!C7:C1503="",,Input!C7:C1503)} -> 44428 | D2: {=IF(B2:B1503="",, (C2:C1503 - B2:B1503) + IF(Input!K7:K1503,1,0) + IF(Input!L7:L1503,1,0) - 1 )} -> 2192 | E2: {=IF(Input!D7:D1503="",,Input!D7:D1503)} -> Simple | F2: {=IF(Input!G7:G1503="",,Input!G7:G1503)} -> Per annum | G2: {=IF(Input!F7:F1503="",,Input!F7:F1503)} -> 0.05 | H2: {=IF(Input!H7:H1503="",,Input!H7:H1503)} -> Annual | I2: {=IF(Input!I7:I1503="",,Input!I7:I1503)} -> 0 | J2: {=IF(Input!J7:J1503="",,Input!J7:J1503)} -> 0 | K2: {=IF(Input!E7:E1503="",,Input!E7:E1503)} -> Initial Principal | L2: {=IF(E2:E1503="", , SWITCH(F2:F1503, "Per annum", G2:G1503, "Per month", G2:G1503*12, "Per quarter",G2:G1503*4, "Per day", G2:G1503*365, G2:G1503 ) )} -> 0.05 | M2: =IF( E2="", , IF( E2="Simple", L2 * R2, LET( t, R2, m, SWITCH(H2,"Monthly",12,"Quarterly",4,"Semi-annual",2,"Annual",1,1), (1 + L2/m)^(m*t) - 1 ) ) ) -> 0.30027397 | N2: =IF(A2="",,IF(ROW()=2, Input!$C$2 + I2, P1 + I2)) -> 10765000 | O2: =IF(A2="",, IF(K2="Initial principal", Input!$C$2 * M2, N2 * M2 ) ) -> 3232449.3 | P2: =IF(A2="",,N2 + O2 + J2) -> 13997449 | Q2: =IF(A2="",,IF(ROW()=2,O2,Q1+O2)) -> 3232449.3 | R2: {=IF( B2="", , SWITCH( Input!$C$4, "Actual/365 Fixed", YEARFRAC( B2 + IF(INDEX(Input!$K$7:$K1503,ROW()-1),0,1), C2 + IF(INDEX(Input!$L$7:$L1503,ROW()-1),1,0), 3 ), "Anniversary/365", DATEDIF( B2 + IF(INDEX(Input!$K$7:$K1503,ROW()-1),0,1), C2 + IF(INDEX(Input!$L$7:$L1503,ROW()-1),1,0), "Y" ) + ( (C2 + IF(INDEX(Input!$L$7:$L1503,ROW()-1),1,0)) - EDATE( B2 + IF(INDEX(Input!$K$7:$K1503,ROW()-1),0,1), 12*DATEDIF( B2 + IF(INDEX(Input!$K$7:$K1503,ROW()-1),0,1), C2 + IF(INDEX(Input!$L$7:$L1503,ROW()-1),1,0), "Y" ) ) ) / 365, "Actual/Actual", YEARFRAC( B2 + IF(INDEX(Input!$K$7:$K1503,ROW()-1),0,1), C2 + IF(INDEX(Input!$L$7:$L1503,ROW()-1),1,0), 1 ), YEARFRAC( B2 + IF(INDEX(Input!$K$7:$K1503,ROW()-1),0,1), C2 + IF(INDEX(Input!$L$7:$L1503,ROW()-1),1,0), 3 ) ) )} -> 6.0054795 | S2: =IF( E2="", , IF( E2="Simple", L2, (1 + L2 / SWITCH(H2,"Monthly",12,"Quarterly",4,"Semi-annual",2,"Annual",1,1)) ^ SWITCH(H2,"Monthly",12,"Quarterly",4,"Semi-annual",2,"Annual",1,1) - 1 ) ) -> 0.05 | T2: {=IF( B2="", , DATEDIF( B2 + IF(INDEX(Input!$K$7:$K1503,ROW()-1),0,1), C2 + IF(INDEX(Input!$L$7:$L1503,ROW()-1),1,0), "Y" ) )} -> 6 | U2: {=IF( B2="", , (C2 + IF(INDEX(Input!$L$7:$L1503,ROW()-1),1,0)) - EDATE( B2 + IF(INDEX(Input!$K$7:$K1503,ROW()-1),0,1), 12*T2 ) )} -> 0 | V2: =IF( D2="", , R2*365*366 - 365*D2 ) -> 2192 | W2: =IF( D2="", , D2 - V2 ) -> 0
A3: 2 | B3: 44428 | C3: 45922 | D3: 1494 | E3: Simple | F3: Per annum | G3: 0.24 | H3: Annual | I3: 0 | J3: 0 | K3: Initial Principal | L3: 0.24 | M3: =IF( E3="", , IF( E3="Simple", L3 * R3, LET( t, R3, m, SWITCH(H3,"Monthly",12,"Quarterly",4,"Semi-annual",2,"Annual",1,1), (1 + L3/m)^(m*t) - 1 ) ) ) -> 0.98235616 | N3: =IF(A3="",,IF(ROW()=2, Input!$C$2 + I3, P2 + I3)) -> 13997449 | O3: =IF(A3="",, IF(K3="Initial principal", Input!$C$2 * M3, N3 * M3 ) ) -> 10575064 | P3: =IF(A3="",,N3 + O3 + J3) -> 24572513 | Q3: =IF(A3="",,IF(ROW()=2,O3,Q2+O3)) -> 13807513 | R3: {=IF( B3="", , SWITCH( Input!$C$4, "Actual/365 Fixed", YEARFRAC( B3 + IF(INDEX(Input!$K$7:$K1503,ROW()-1),0,1), C3 + IF(INDEX(Input!$L$7:$L1503,ROW()-1),1,0), 3 ), "Anniversary/365", DATEDIF( B3 + IF(INDEX(Input!$K$7:$K1503,ROW()-1),0,1), C3 + IF(INDEX(Input!$L$7:$L1503,ROW()-1),1,0), "Y" ) + ( (C3 + IF(INDEX(Input!$L$7:$L1503,ROW()-1),1,0)) - EDATE( B3 + IF(INDEX(Input!$K$7:$K1503,ROW()-1),0,1), 12*DATEDIF( B3 + IF(INDEX(Input!$K$7:$K1503,ROW()-1),0,1), C3 + IF(INDEX(Input!$L$7:$L1503,ROW()-1),1,0), "Y" ) ) ) / 365, "Actual/Actual", YEARFRAC( B3 + IF(INDEX(Input!$K$7:$K1503,ROW()-1),0,1), C3 + IF(INDEX(Input!$L$7:$L1503,ROW()-1),1,0), 1 ), YEARFRAC( B3 + IF(INDEX(Input!$K$7:$K1503,ROW()-1),0,1), C3 + IF(INDEX(Input!$L$7:$L1503,ROW()-1),1,0), 3 ) ) )} -> 4.0931507 | S3: =IF( E3="", , IF( E3="Simple", L3, (1 + L3 / SWITCH(H3,"Monthly",12,"Quarterly",4,"Semi-annual",2,"Annual",1,1)) ^ SWITCH(H3,"Monthly",12,"Quarterly",4,"Semi-annual",2,"Annual",1,1) - 1 ) ) -> 0.24 | T3: {=IF( B3="", , DATEDIF( B3 + IF(INDEX(Input!$K$7:$K1503,ROW()-1),0,1), C3 + IF(INDEX(Input!$L$7:$L1503,ROW()-1),1,0), "Y" ) )} -> 4 | U3: {=IF( B3="", , (C3 + IF(INDEX(Input!$L$7:$L1503,ROW()-1),1,0)) - EDATE( B3 + IF(INDEX(Input!$K$7:$K1503,ROW()-1),0,1), 12*T3 ) )} -> 33 | V3: =IF( D3="", , R3*365*366 - 365*D3 ) -> 1494 | W3: =IF( D3="", , D3 - V3 ) -> 0
I4: 0 | J4: 0 | M4: =IF( E4="", , IF( E4="Simple", L4 * R4, LET( t, R4, m, SWITCH(H4,"Monthly",12,"Quarterly",4,"Semi-annual",2,"Annual",1,1), (1 + L4/m)^(m*t) - 1 ) ) ) | N4: =IF(A4="",,IF(ROW()=2, Input!$C$2 + I4, P3 + I4)) | O4: =IF(A4="",, IF(K4="Initial principal", Input!$C$2 * M4, N4 * M4 ) ) | P4: =IF(A4="",,N4 + O4 + J4) | Q4: =IF(A4="",,IF(ROW()=2,O4,Q3+O4)) | R4: {=IF( B4="", , SWITCH( Input!$C$4, "Actual/365 Fixed", YEARFRAC( B4 + IF(INDEX(Input!$K$7:$K1503,ROW()-1),0,1), C4 + IF(INDEX(Input!$L$7:$L1503,ROW()-1),1,0), 3 ), "Anniversary/365", DATEDIF( B4 + IF(INDEX(Input!$K$7:$K1503,ROW()-1),0,1), C4 + IF(INDEX(Input!$L$7:$L1503,ROW()-1),1,0), "Y" ) + ( (C4 + IF(INDEX(Input!$L$7:$L1503,ROW()-1),1,0)) - EDATE( B4 + IF(INDEX(Input!$K$7:$K1503,ROW()-1),0,1), 12*DATEDIF( B4 + IF(INDEX(Input!$K$7:$K1503,ROW()-1),0,1), C4 + IF(INDEX(Input!$L$7:$L1503,ROW()-1),1,0), "Y" ) ) ) / 365, "Actual/Actual", YEARFRAC( B4 + IF(INDEX(Input!$K$7:$K1503,ROW()-1),0,1), C4 + IF(INDEX(Input!$L$7:$L1503,ROW()-1),1,0), 1 ), YEARFRAC( B4 + IF(INDEX(Input!$K$7:$K1503,ROW()-1),0,1), C4 + IF(INDEX(Input!$L$7:$L1503,ROW()-1),1,0), 3 ) ) )} | S4: =IF( E4="", , IF( E4="Simple", L4, (1 + L4 / SWITCH(H4,"Monthly",12,"Quarterly",4,"Semi-annual",2,"Annual",1,1)) ^ SWITCH(H4,"Monthly",12,"Quarterly",4,"Semi-annual",2,"Annual",1,1) - 1 ) ) | T4: {=IF( B4="", , DATEDIF( B4 + IF(INDEX(Input!$K$7:$K1503,ROW()-1),0,1), C4 + IF(INDEX(Input!$L$7:$L1503,ROW()-1),1,0), "Y" ) )} | U4: {=IF( B4="", , (C4 + IF(INDEX(Input!$L$7:$L1503,ROW()-1),1,0)) - EDATE( B4 + IF(INDEX(Input!$K$7:$K1503,ROW()-1),0,1), 12*S4 ) )} | V4: =IF( D4="", , R4*365*366 - 365*D4 ) | W4: =IF( D4="", , D4 - V4 )
I5: 0 | J5: 0 | M5: =IF( E5="", , IF( E5="Simple", L5 * R5, LET( t, R5, m, SWITCH(H5,"Monthly",12,"Quarterly",4,"Semi-annual",2,"Annual",1,1), (1 + L5/m)^(m*t) - 1 ) ) ) | N5: =IF(A5="",,IF(ROW()=2, Input!$C$2 + I5, P4 + I5)) | O5: =IF(A5="",, IF(K5="Initial principal", Input!$C$2 * M5, N5 * M5 ) ) | P5: =IF(A5="",,N5 + O5 + J5) | Q5: =IF(A5="",,IF(ROW()=2,O5,Q4+O5)) | R5: {=IF( B5="", , SWITCH( Input!$C$4, "Actual/365 Fixed", YEARFRAC( B5 + IF(INDEX(Input!$K$7:$K1503,ROW()-1),0,1), C5 + IF(INDEX(Input!$L$7:$L1503,ROW()-1),1,0), 3 ), "Anniversary/365", DATEDIF( B5 + IF(INDEX(Input!$K$7:$K1503,ROW()-1),0,1), C5 + IF(INDEX(Input!$L$7:$L1503,ROW()-1),1,0), "Y" ) + ( (C5 + IF(INDEX(Input!$L$7:$L1503,ROW()-1),1,0)) - EDATE( B5 + IF(INDEX(Input!$K$7:$K1503,ROW()-1),0,1), 12*DATEDIF( B5 + IF(INDEX(Input!$K$7:$K1503,ROW()-1),0,1), C5 + IF(INDEX(Input!$L$7:$L1503,ROW()-1),1,0), "Y" ) ) ) / 365, "Actual/Actual", YEARFRAC( B5 + IF(INDEX(Input!$K$7:$K1503,ROW()-1),0,1), C5 + IF(INDEX(Input!$L$7:$L1503,ROW()-1),1,0), 1 ), YEARFRAC( B5 + IF(INDEX(Input!$K$7:$K1503,ROW()-1),0,1), C5 + IF(INDEX(Input!$L$7:$L1503,ROW()-1),1,0), 3 ) ) )} | S5: =IF( E5="", , IF( E5="Simple", L5, (1 + L5 / SWITCH(H5,"Monthly",12,"Quarterly",4,"Semi-annual",2,"Annual",1,1)) ^ SWITCH(H5,"Monthly",12,"Quarterly",4,"Semi-annual",2,"Annual",1,1) - 1 ) ) | T5: {=IF( B5="", , DATEDIF( B5 + IF(INDEX(Input!$K$7:$K1503,ROW()-1),0,1), C5 + IF(INDEX(Input!$L$7:$L1503,ROW()-1),1,0), "Y" ) )} | U5: {=IF( B5="", , (C5 + IF(INDEX(Input!$L$7:$L1503,ROW()-1),1,0)) - EDATE( B5 + IF(INDEX(Input!$K$7:$K1503,ROW()-1),0,1), 12*S5 ) )} | V5: =IF( D5="", , R5*365*366 - 365*D5 ) | W5: =IF( D5="", , D5 - V5 )
I6: 0 | J6: 0 | M6: =IF( E6="", , IF( E6="Simple", L6 * R6, LET( t, R6, m, SWITCH(H6,"Monthly",12,"Quarterly",4,"Semi-annual",2,"Annual",1,1), (1 + L6/m)^(m*t) - 1 ) ) ) | N6: =IF(A6="",,IF(ROW()=2, Input!$C$2 + I6, P5 + I6)) | O6: =IF(A6="",, IF(K6="Initial principal", Input!$C$2 * M6, N6 * M6 ) ) | P6: =IF(A6="",,N6 + O6 + J6) | Q6: =IF(A6="",,IF(ROW()=2,O6,Q5+O6)) | R6: {=IF( B6="", , SWITCH( Input!$C$4, "Actual/365 Fixed", YEARFRAC( B6 + IF(INDEX(Input!$K$7:$K1503,ROW()-1),0,1), C6 + IF(INDEX(Input!$L$7:$L1503,ROW()-1),1,0), 3 ), "Anniversary/365", DATEDIF( B6 + IF(INDEX(Input!$K$7:$K1503,ROW()-1),0,1), C6 + IF(INDEX(Input!$L$7:$L1503,ROW()-1),1,0), "Y" ) + ( (C6 + IF(INDEX(Input!$L$7:$L1503,ROW()-1),1,0)) - EDATE( B6 + IF(INDEX(Input!$K$7:$K1503,ROW()-1),0,1), 12*DATEDIF( B6 + IF(INDEX(Input!$K$7:$K1503,ROW()-1),0,1), C6 + IF(INDEX(Input!$L$7:$L1503,ROW()-1),1,0), "Y" ) ) ) / 365, "Actual/Actual", YEARFRAC( B6 + IF(INDEX(Input!$K$7:$K1503,ROW()-1),0,1), C6 + IF(INDEX(Input!$L$7:$L1503,ROW()-1),1,0), 1 ), YEARFRAC( B6 + IF(INDEX(Input!$K$7:$K1503,ROW()-1),0,1), C6 + IF(INDEX(Input!$L$7:$L1503,ROW()-1),1,0), 3 ) ) )} | S6: =IF( E6="", , IF( E6="Simple", L6, (1 + L6 / SWITCH(H6,"Monthly",12,"Quarterly",4,"Semi-annual",2,"Annual",1,1)) ^ SWITCH(H6,"Monthly",12,"Quarterly",4,"Semi-annual",2,"Annual",1,1) - 1 ) ) | T6: {=IF( B6="", , DATEDIF( B6 + IF(INDEX(Input!$K$7:$K1503,ROW()-1),0,1), C6 + IF(INDEX(Input!$L$7:$L1503,ROW()-1),1,0), "Y" ) )} | U6: {=IF( B6="", , (C6 + IF(INDEX(Input!$L$7:$L1503,ROW()-1),1,0)) - EDATE( B6 + IF(INDEX(Input!$K$7:$K1503,ROW()-1),0,1), 12*S6 ) )} | V6: =IF( D6="", , R6*365*366 - 365*D6 ) | W6: =IF( D6="", , D6 - V6 )
I7: 0 | J7: 0 | M7: =IF( E7="", , IF( E7="Simple", L7 * R7, LET( t, R7, m, SWITCH(H7,"Monthly",12,"Quarterly",4,"Semi-annual",2,"Annual",1,1), (1 + L7/m)^(m*t) - 1 ) ) ) | N7: =IF(A7="",,IF(ROW()=2, Input!$C$2 + I7, P6 + I7)) | O7: =IF(A7="",, IF(K7="Initial principal", Input!$C$2 * M7, N7 * M7 ) ) | P7: =IF(A7="",,N7 + O7 + J7) | Q7: =IF(A7="",,IF(ROW()=2,O7,Q6+O7)) | R7: {=IF( B7="", , SWITCH( Input!$C$4, "Actual/365 Fixed", YEARFRAC( B7 + IF(INDEX(Input!$K$7:$K1503,ROW()-1),0,1), C7 + IF(INDEX(Input!$L$7:$L1503,ROW()-1),1,0), 3 ), "Anniversary/365", DATEDIF( B7 + IF(INDEX(Input!$K$7:$K1503,ROW()-1),0,1), C7 + IF(INDEX(Input!$L$7:$L1503,ROW()-1),1,0), "Y" ) + ( (C7 + IF(INDEX(Input!$L$7:$L1503,ROW()-1),1,0)) - EDATE( B7 + IF(INDEX(Input!$K$7:$K1503,ROW()-1),0,1), 12*DATEDIF( B7 + IF(INDEX(Input!$K$7:$K1503,ROW()-1),0,1), C7 + IF(INDEX(Input!$L$7:$L1503,ROW()-1),1,0), "Y" ) ) ) / 365, "Actual/Actual", YEARFRAC( B7 + IF(INDEX(Input!$K$7:$K1503,ROW()-1),0,1), C7 + IF(INDEX(Input!$L$7:$L1503,ROW()-1),1,0), 1 ), YEARFRAC( B7 + IF(INDEX(Input!$K$7:$K1503,ROW()-1),0,1), C7 + IF(INDEX(Input!$L$7:$L1503,ROW()-1),1,0), 3 ) ) )} | S7: =IF( E7="", , IF( E7="Simple", L7, (1 + L7 / SWITCH(H7,"Monthly",12,"Quarterly",4,"Semi-annual",2,"Annual",1,1)) ^ SWITCH(H7,"Monthly",12,"Quarterly",4,"Semi-annual",2,"Annual",1,1) - 1 ) ) | T7: {=IF( B7="", , DATEDIF( B7 + IF(INDEX(Input!$K$7:$K1503,ROW()-1),0,1), C7 + IF(INDEX(Input!$L$7:$L1503,ROW()-1),1,0), "Y" ) )} | U7: {=IF( B7="", , (C7 + IF(INDEX(Input!$L$7:$L1503,ROW()-1),1,0)) - EDATE( B7 + IF(INDEX(Input!$K$7:$K1503,ROW()-1),0,1), 12*S7 ) )} | V7: =IF( D7="", , R7*365*366 - 365*D7 ) | W7: =IF( D7="", , D7 - V7 )
I8: 0 | J8: 0 | M8: =IF( E8="", , IF( E8="Simple", L8 * R8, LET( t, R8, m, SWITCH(H8,"Monthly",12,"Quarterly",4,"Semi-annual",2,"Annual",1,1), (1 + L8/m)^(m*t) - 1 ) ) ) | N8: =IF(A8="",,IF(ROW()=2, Input!$C$2 + I8, P7 + I8)) | O8: =IF(A8="",, IF(K8="Initial principal", Input!$C$2 * M8, N8 * M8 ) ) | P8: =IF(A8="",,N8 + O8 + J8) | Q8: =IF(A8="",,IF(ROW()=2,O8,Q7+O8)) | R8: {=IF( B8="", , SWITCH( Input!$C$4, "Actual/365 Fixed", YEARFRAC( B8 + IF(INDEX(Input!$K$7:$K1503,ROW()-1),0,1), C8 + IF(INDEX(Input!$L$7:$L1503,ROW()-1),1,0), 3 ), "Anniversary/365", DATEDIF( B8 + IF(INDEX(Input!$K$7:$K1503,ROW()-1),0,1), C8 + IF(INDEX(Input!$L$7:$L1503,ROW()-1),1,0), "Y" ) + ( (C8 + IF(INDEX(Input!$L$7:$L1503,ROW()-1),1,0)) - EDATE( B8 + IF(INDEX(Input!$K$7:$K1503,ROW()-1),0,1), 12*DATEDIF( B8 + IF(INDEX(Input!$K$7:$K1503,ROW()-1),0,1), C8 + IF(INDEX(Input!$L$7:$L1503,ROW()-1),1,0), "Y" ) ) ) / 365, "Actual/Actual", YEARFRAC( B8 + IF(INDEX(Input!$K$7:$K1503,ROW()-1),0,1), C8 + IF(INDEX(Input!$L$7:$L1503,ROW()-1),1,0), 1 ), YEARFRAC( B8 + IF(INDEX(Input!$K$7:$K1503,ROW()-1),0,1), C8 + IF(INDEX(Input!$L$7:$L1503,ROW()-1),1,0), 3 ) ) )} | S8: =IF( E8="", , IF( E8="Simple", L8, (1 + L8 / SWITCH(H8,"Monthly",12,"Quarterly",4,"Semi-annual",2,"Annual",1,1)) ^ SWITCH(H8,"Monthly",12,"Quarterly",4,"Semi-annual",2,"Annual",1,1) - 1 ) ) | T8: {=IF( B8="", , DATEDIF( B8 + IF(INDEX(Input!$K$7:$K1503,ROW()-1),0,1), C8 + IF(INDEX(Input!$L$7:$L1503,ROW()-1),1,0), "Y" ) )} | U8: {=IF( B8="", , (C8 + IF(INDEX(Input!$L$7:$L1503,ROW()-1),1,0)) - EDATE( B8 + IF(INDEX(Input!$K$7:$K1503,ROW()-1),0,1), 12*S8 ) )} | V8: =IF( D8="", , R8*365*366 - 365*D8 ) | W8: =IF( D8="", , D8 - V8 )
I9: 0 | J9: 0 | M9: =IF( E9="", , IF( E9="Simple", L9 * R9, LET( t, R9, m, SWITCH(H9,"Monthly",12,"Quarterly",4,"Semi-annual",2,"Annual",1,1), (1 + L9/m)^(m*t) - 1 ) ) ) | N9: =IF(A9="",,IF(ROW()=2, Input!$C$2 + I9, P8 + I9)) | O9: =IF(A9="",, IF(K9="Initial principal", Input!$C$2 * M9, N9 * M9 ) ) | P9: =IF(A9="",,N9 + O9 + J9) | Q9: =IF(A9="",,IF(ROW()=2,O9,Q8+O9)) | R9: {=IF( B9="", , SWITCH( Input!$C$4, "Actual/365 Fixed", YEARFRAC( B9 + IF(INDEX(Input!$K$7:$K1503,ROW()-1),0,1), C9 + IF(INDEX(Input!$L$7:$L1503,ROW()-1),1,0), 3 ), "Anniversary/365", DATEDIF( B9 + IF(INDEX(Input!$K$7:$K1503,ROW()-1),0,1), C9 + IF(INDEX(Input!$L$7:$L1503,ROW()-1),1,0), "Y" ) + ( (C9 + IF(INDEX(Input!$L$7:$L1503,ROW()-1),1,0)) - EDATE( B9 + IF(INDEX(Input!$K$7:$K1503,ROW()-1),0,1), 12*DATEDIF( B9 + IF(INDEX(Input!$K$7:$K1503,ROW()-1),0,1), C9 + IF(INDEX(Input!$L$7:$L1503,ROW()-1),1,0), "Y" ) ) ) / 365, "Actual/Actual", YEARFRAC( B9 + IF(INDEX(Input!$K$7:$K1503,ROW()-1),0,1), C9 + IF(INDEX(Input!$L$7:$L1503,ROW()-1),1,0), 1 ), YEARFRAC( B9 + IF(INDEX(Input!$K$7:$K1503,ROW()-1),0,1), C9 + IF(INDEX(Input!$L$7:$L1503,ROW()-1),1,0), 3 ) ) )} | S9: =IF( E9="", , IF( E9="Simple", L9, (1 + L9 / SWITCH(H9,"Monthly",12,"Quarterly",4,"Semi-annual",2,"Annual",1,1)) ^ SWITCH(H9,"Monthly",12,"Quarterly",4,"Semi-annual",2,"Annual",1,1) - 1 ) ) | T9: {=IF( B9="", , DATEDIF( B9 + IF(INDEX(Input!$K$7:$K1503,ROW()-1),0,1), C9 + IF(INDEX(Input!$L$7:$L1503,ROW()-1),1,0), "Y" ) )} | U9: {=IF( B9="", , (C9 + IF(INDEX(Input!$L$7:$L1503,ROW()-1),1,0)) - EDATE( B9 + IF(INDEX(Input!$K$7:$K1503,ROW()-1),0,1), 12*S9 ) )} | V9: =IF( D9="", , R9*365*366 - 365*D9 ) | W9: =IF( D9="", , D9 - V9 )
I10: 0 | J10: 0 | M10: =IF( E10="", , IF( E10="Simple", L10 * R10, LET( t, R10, m, SWITCH(H10,"Monthly",12,"Quarterly",4,"Semi-annual",2,"Annual",1,1), (1 + L10/m)^(m*t) - 1 ) ) ) | N10: =IF(A10="",,IF(ROW()=2, Input!$C$2 + I10, P9 + I10)) | O10: =IF(A10="",, IF(K10="Initial principal", Input!$C$2 * M10, N10 * M10 ) ) | P10: =IF(A10="",,N10 + O10 + J10) | Q10: =IF(A10="",,IF(ROW()=2,O10,Q9+O10)) | R10: {=IF( B10="", , SWITCH( Input!$C$4, "Actual/365 Fixed", YEARFRAC( B10 + IF(INDEX(Input!$K$7:$K1503,ROW()-1),0,1), C10 + IF(INDEX(Input!$L$7:$L1503,ROW()-1),1,0), 3 ), "Anniversary/365", DATEDIF( B10 + IF(INDEX(Input!$K$7:$K1503,ROW()-1),0,1), C10 + IF(INDEX(Input!$L$7:$L1503,ROW()-1),1,0), "Y" ) + ( (C10 + IF(INDEX(Input!$L$7:$L1503,ROW()-1),1,0)) - EDATE( B10 + IF(INDEX(Input!$K$7:$K1503,ROW()-1),0,1), 12*DATEDIF( B10 + IF(INDEX(Input!$K$7:$K1503,ROW()-1),0,1), C10 + IF(INDEX(Input!$L$7:$L1503,ROW()-1),1,0), "Y" ) ) ) / 365, "Actual/Actual", YEARFRAC( B10 + IF(INDEX(Input!$K$7:$K1503,ROW()-1),0,1), C10 + IF(INDEX(Input!$L$7:$L1503,ROW()-1),1,0), 1 ), YEARFRAC( B10 + IF(INDEX(Input!$K$7:$K1503,ROW()-1),0,1), C10 + IF(INDEX(Input!$L$7:$L1503,ROW()-1),1,0), 3 ) ) )} | S10: =IF( E10="", , IF( E10="Simple", L10, (1 + L10 / SWITCH(H10,"Monthly",12,"Quarterly",4,"Semi-annual",2,"Annual",1,1)) ^ SWITCH(H10,"Monthly",12,"Quarterly",4,"Semi-annual",2,"Annual",1,1) - 1 ) ) | T10: {=IF( B10="", , DATEDIF( B10 + IF(INDEX(Input!$K$7:$K1503,ROW()-1),0,1), C10 + IF(INDEX(Input!$L$7:$L1503,ROW()-1),1,0), "Y" ) )} | U10: {=IF( B10="", , (C10 + IF(INDEX(Input!$L$7:$L1503,ROW()-1),1,0)) - EDATE( B10 + IF(INDEX(Input!$K$7:$K1503,ROW()-1),0,1), 12*S10 ) )} | V10: =IF( D10="", , R10*365*366 - 365*D10 ) | W10: =IF( D10="", , D10 - V10 )
I11: 0 | J11: 0 | M11: =IF( E11="", , IF( E11="Simple", L11 * R11, LET( t, R11, m, SWITCH(H11,"Monthly",12,"Quarterly",4,"Semi-annual",2,"Annual",1,1), (1 + L11/m)^(m*t) - 1 ) ) ) | N11: =IF(A11="",,IF(ROW()=2, Input!$C$2 + I11, P10 + I11)) | O11: =IF(A11="",, IF(K11="Initial principal", Input!$C$2 * M11, N11 * M11 ) ) | P11: =IF(A11="",,N11 + O11 + J11) | Q11: =IF(A11="",,IF(ROW()=2,O11,Q10+O11)) | R11: {=IF( B11="", , SWITCH( Input!$C$4, "Actual/365 Fixed", YEARFRAC( B11 + IF(INDEX(Input!$K$7:$K1503,ROW()-1),0,1), C11 + IF(INDEX(Input!$L$7:$L1503,ROW()-1),1,0), 3 ), "Anniversary/365", DATEDIF( B11 + IF(INDEX(Input!$K$7:$K1503,ROW()-1),0,1), C11 + IF(INDEX(Input!$L$7:$L1503,ROW()-1),1,0), "Y" ) + ( (C11 + IF(INDEX(Input!$L$7:$L1503,ROW()-1),1,0)) - EDATE( B11 + IF(INDEX(Input!$K$7:$K1503,ROW()-1),0,1), 12*DATEDIF( B11 + IF(INDEX(Input!$K$7:$K1503,ROW()-1),0,1), C11 + IF(INDEX(Input!$L$7:$L1503,ROW()-1),1,0), "Y" ) ) ) / 365, "Actual/Actual", YEARFRAC( B11 + IF(INDEX(Input!$K$7:$K1503,ROW()-1),0,1), C11 + IF(INDEX(Input!$L$7:$L1503,ROW()-1),1,0), 1 ), YEARFRAC( B11 + IF(INDEX(Input!$K$7:$K1503,ROW()-1),0,1), C11 + IF(INDEX(Input!$L$7:$L1503,ROW()-1),1,0), 3 ) ) )} | S11: =IF( E11="", , IF( E11="Simple", L11, (1 + L11 / SWITCH(H11,"Monthly",12,"Quarterly",4,"Semi-annual",2,"Annual",1,1)) ^ SWITCH(H11,"Monthly",12,"Quarterly",4,"Semi-annual",2,"Annual",1,1) - 1 ) ) | T11: {=IF( B11="", , DATEDIF( B11 + IF(INDEX(Input!$K$7:$K1503,ROW()-1),0,1), C11 + IF(INDEX(Input!$L$7:$L1503,ROW()-1),1,0), "Y" ) )} | U11: {=IF( B11="", , (C11 + IF(INDEX(Input!$L$7:$L1503,ROW()-1),1,0)) - EDATE( B11 + IF(INDEX(Input!$K$7:$K1503,ROW()-1),0,1), 12*S11 ) )} | V11: =IF( D11="", , R11*365*366 - 365*D11 ) | W11: =IF( D11="", , D11 - V11 )
I12: 0 | J12: 0 | M12: =IF( E12="", , IF( E12="Simple", L12 * R12, LET( t, R12, m, SWITCH(H12,"Monthly",12,"Quarterly",4,"Semi-annual",2,"Annual",1,1), (1 + L12/m)^(m*t) - 1 ) ) ) | N12: =IF(A12="",,IF(ROW()=2, Input!$C$2 + I12, P11 + I12)) | O12: =IF(A12="",, IF(K12="Initial principal", Input!$C$2 * M12, N12 * M12 ) ) | P12: =IF(A12="",,N12 + O12 + J12) | Q12: =IF(A12="",,IF(ROW()=2,O12,Q11+O12)) | R12: {=IF( B12="", , SWITCH( Input!$C$4, "Actual/365 Fixed", YEARFRAC( B12 + IF(INDEX(Input!$K$7:$K1503,ROW()-1),0,1), C12 + IF(INDEX(Input!$L$7:$L1503,ROW()-1),1,0), 3 ), "Anniversary/365", DATEDIF( B12 + IF(INDEX(Input!$K$7:$K1503,ROW()-1),0,1), C12 + IF(INDEX(Input!$L$7:$L1503,ROW()-1),1,0), "Y" ) + ( (C12 + IF(INDEX(Input!$L$7:$L1503,ROW()-1),1,0)) - EDATE( B12 + IF(INDEX(Input!$K$7:$K1503,ROW()-1),0,1), 12*DATEDIF( B12 + IF(INDEX(Input!$K$7:$K1503,ROW()-1),0,1), C12 + IF(INDEX(Input!$L$7:$L1503,ROW()-1),1,0), "Y" ) ) ) / 365, "Actual/Actual", YEARFRAC( B12 + IF(INDEX(Input!$K$7:$K1503,ROW()-1),0,1), C12 + IF(INDEX(Input!$L$7:$L1503,ROW()-1),1,0), 1 ), YEARFRAC( B12 + IF(INDEX(Input!$K$7:$K1503,ROW()-1),0,1), C12 + IF(INDEX(Input!$L$7:$L1503,ROW()-1),1,0), 3 ) ) )} | S12: =IF( E12="", , IF( E12="Simple", L12, (1 + L12 / SWITCH(H12,"Monthly",12,"Quarterly",4,"Semi-annual",2,"Annual",1,1)) ^ SWITCH(H12,"Monthly",12,"Quarterly",4,"Semi-annual",2,"Annual",1,1) - 1 ) ) | T12: {=IF( B12="", , DATEDIF( B12 + IF(INDEX(Input!$K$7:$K1503,ROW()-1),0,1), C12 + IF(INDEX(Input!$L$7:$L1503,ROW()-1),1,0), "Y" ) )} | U12: {=IF( B12="", , (C12 + IF(INDEX(Input!$L$7:$L1503,ROW()-1),1,0)) - EDATE( B12 + IF(INDEX(Input!$K$7:$K1503,ROW()-1),0,1), 12*S12 ) )} | V12: =IF( D12="", , R12*365*366 - 365*D12 ) | W12: =IF( D12="", , D12 - V12 )
I13: 0 | J13: 0 | M13: =IF( E13="", , IF( E13="Simple", L13 * R13, LET( t, R13, m, SWITCH(H13,"Monthly",12,"Quarterly",4,"Semi-annual",2,"Annual",1,1), (1 + L13/m)^(m*t) - 1 ) ) ) | N13: =IF(A13="",,IF(ROW()=2, Input!$C$2 + I13, P12 + I13)) | O13: =IF(A13="",, IF(K13="Initial principal", Input!$C$2 * M13, N13 * M13 ) ) | P13: =IF(A13="",,N13 + O13 + J13) | Q13: =IF(A13="",,IF(ROW()=2,O13,Q12+O13)) | R13: {=IF( B13="", , SWITCH( Input!$C$4, "Actual/365 Fixed", YEARFRAC( B13 + IF(INDEX(Input!$K$7:$K1503,ROW()-1),0,1), C13 + IF(INDEX(Input!$L$7:$L1503,ROW()-1),1,0), 3 ), "Anniversary/365", DATEDIF( B13 + IF(INDEX(Input!$K$7:$K1503,ROW()-1),0,1), C13 + IF(INDEX(Input!$L$7:$L1503,ROW()-1),1,0), "Y" ) + ( (C13 + IF(INDEX(Input!$L$7:$L1503,ROW()-1),1,0)) - EDATE( B13 + IF(INDEX(Input!$K$7:$K1503,ROW()-1),0,1), 12*DATEDIF( B13 + IF(INDEX(Input!$K$7:$K1503,ROW()-1),0,1), C13 + IF(INDEX(Input!$L$7:$L1503,ROW()-1),1,0), "Y" ) ) ) / 365, "Actual/Actual", YEARFRAC( B13 + IF(INDEX(Input!$K$7:$K1503,ROW()-1),0,1), C13 + IF(INDEX(Input!$L$7:$L1503,ROW()-1),1,0), 1 ), YEARFRAC( B13 + IF(INDEX(Input!$K$7:$K1503,ROW()-1),0,1), C13 + IF(INDEX(Input!$L$7:$L1503,ROW()-1),1,0), 3 ) ) )} | S13: =IF( E13="", , IF( E13="Simple", L13, (1 + L13 / SWITCH(H13,"Monthly",12,"Quarterly",4,"Semi-annual",2,"Annual",1,1)) ^ SWITCH(H13,"Monthly",12,"Quarterly",4,"Semi-annual",2,"Annual",1,1) - 1 ) ) | T13: {=IF( B13="", , DATEDIF( B13 + IF(INDEX(Input!$K$7:$K1503,ROW()-1),0,1), C13 + IF(INDEX(Input!$L$7:$L1503,ROW()-1),1,0), "Y" ) )} | U13: {=IF( B13="", , (C13 + IF(INDEX(Input!$L$7:$L1503,ROW()-1),1,0)) - EDATE( B13 + IF(INDEX(Input!$K$7:$K1503,ROW()-1),0,1), 12*S13 ) )} | V13: =IF( D13="", , R13*365*366 - 365*D13 ) | W13: =IF( D13="", , D13 - V13 )
I14: 0 | J14: 0 | M14: =IF( E14="", , IF( E14="Simple", L14 * R14, LET( t, R14, m, SWITCH(H14,"Monthly",12,"Quarterly",4,"Semi-annual",2,"Annual",1,1), (1 + L14/m)^(m*t) - 1 ) ) ) | N14: =IF(A14="",,IF(ROW()=2, Input!$C$2 + I14, P13 + I14)) | O14: =IF(A14="",, IF(K14="Initial principal", Input!$C$2 * M14, N14 * M14 ) ) | P14: =IF(A14="",,N14 + O14 + J14) | Q14: =IF(A14="",,IF(ROW()=2,O14,Q13+O14)) | R14: {=IF( B14="", , SWITCH( Input!$C$4, "Actual/365 Fixed", YEARFRAC( B14 + IF(INDEX(Input!$K$7:$K1503,ROW()-1),0,1), C14 + IF(INDEX(Input!$L$7:$L1503,ROW()-1),1,0), 3 ), "Anniversary/365", DATEDIF( B14 + IF(INDEX(Input!$K$7:$K1503,ROW()-1),0,1), C14 + IF(INDEX(Input!$L$7:$L1503,ROW()-1),1,0), "Y" ) + ( (C14 + IF(INDEX(Input!$L$7:$L1503,ROW()-1),1,0)) - EDATE( B14 + IF(INDEX(Input!$K$7:$K1503,ROW()-1),0,1), 12*DATEDIF( B14 + IF(INDEX(Input!$K$7:$K1503,ROW()-1),0,1), C14 + IF(INDEX(Input!$L$7:$L1503,ROW()-1),1,0), "Y" ) ) ) / 365, "Actual/Actual", YEARFRAC( B14 + IF(INDEX(Input!$K$7:$K1503,ROW()-1),0,1), C14 + IF(INDEX(Input!$L$7:$L1503,ROW()-1),1,0), 1 ), YEARFRAC( B14 + IF(INDEX(Input!$K$7:$K1503,ROW()-1),0,1), C14 + IF(INDEX(Input!$L$7:$L1503,ROW()-1),1,0), 3 ) ) )} | S14: =IF( E14="", , IF( E14="Simple", L14, (1 + L14 / SWITCH(H14,"Monthly",12,"Quarterly",4,"Semi-annual",2,"Annual",1,1)) ^ SWITCH(H14,"Monthly",12,"Quarterly",4,"Semi-annual",2,"Annual",1,1) - 1 ) ) | T14: {=IF( B14="", , DATEDIF( B14 + IF(INDEX(Input!$K$7:$K1503,ROW()-1),0,1), C14 + IF(INDEX(Input!$L$7:$L1503,ROW()-1),1,0), "Y" ) )} | U14: {=IF( B14="", , (C14 + IF(INDEX(Input!$L$7:$L1503,ROW()-1),1,0)) - EDATE( B14 + IF(INDEX(Input!$K$7:$K1503,ROW()-1),0,1), 12*S14 ) )} | V14: =IF( D14="", , R14*365*366 - 365*D14 ) | W14: =IF( D14="", , D14 - V14 )
I15: 0 | J15: 0 | M15: =IF( E15="", , IF( E15="Simple", L15 * R15, LET( t, R15, m, SWITCH(H15,"Monthly",12,"Quarterly",4,"Semi-annual",2,"Annual",1,1), (1 + L15/m)^(m*t) - 1 ) ) ) | N15: =IF(A15="",,IF(ROW()=2, Input!$C$2 + I15, P14 + I15)) | O15: =IF(A15="",, IF(K15="Initial principal", Input!$C$2 * M15, N15 * M15 ) ) | P15: =IF(A15="",,N15 + O15 + J15) | Q15: =IF(A15="",,IF(ROW()=2,O15,Q14+O15)) | R15: {=IF( B15="", , SWITCH( Input!$C$4, "Actual/365 Fixed", YEARFRAC( B15 + IF(INDEX(Input!$K$7:$K1503,ROW()-1),0,1), C15 + IF(INDEX(Input!$L$7:$L1503,ROW()-1),1,0), 3 ), "Anniversary/365", DATEDIF( B15 + IF(INDEX(Input!$K$7:$K1503,ROW()-1),0,1), C15 + IF(INDEX(Input!$L$7:$L1503,ROW()-1),1,0), "Y" ) + ( (C15 + IF(INDEX(Input!$L$7:$L1503,ROW()-1),1,0)) - EDATE( B15 + IF(INDEX(Input!$K$7:$K1503,ROW()-1),0,1), 12*DATEDIF( B15 + IF(INDEX(Input!$K$7:$K1503,ROW()-1),0,1), C15 + IF(INDEX(Input!$L$7:$L1503,ROW()-1),1,0), "Y" ) ) ) / 365, "Actual/Actual", YEARFRAC( B15 + IF(INDEX(Input!$K$7:$K1503,ROW()-1),0,1), C15 + IF(INDEX(Input!$L$7:$L1503,ROW()-1),1,0), 1 ), YEARFRAC( B15 + IF(INDEX(Input!$K$7:$K1503,ROW()-1),0,1), C15 + IF(INDEX(Input!$L$7:$L1503,ROW()-1),1,0), 3 ) ) )} | S15: =IF( E15="", , IF( E15="Simple", L15, (1 + L15 / SWITCH(H15,"Monthly",12,"Quarterly",4,"Semi-annual",2,"Annual",1,1)) ^ SWITCH(H15,"Monthly",12,"Quarterly",4,"Semi-annual",2,"Annual",1,1) - 1 ) ) | T15: {=IF( B15="", , DATEDIF( B15 + IF(INDEX(Input!$K$7:$K1503,ROW()-1),0,1), C15 + IF(INDEX(Input!$L$7:$L1503,ROW()-1),1,0), "Y" ) )} | U15: {=IF( B15="", , (C15 + IF(INDEX(Input!$L$7:$L1503,ROW()-1),1,0)) - EDATE( B15 + IF(INDEX(Input!$K$7:$K1503,ROW()-1),0,1), 12*S15 ) )} | V15: =IF( D15="", , R15*365*366 - 365*D15 ) | W15: =IF( D15="", , D15 - V15 )
I16: 0 | J16: 0 | M16: =IF( E16="", , IF( E16="Simple", L16 * R16, LET( t, R16, m, SWITCH(H16,"Monthly",12,"Quarterly",4,"Semi-annual",2,"Annual",1,1), (1 + L16/m)^(m*t) - 1 ) ) ) | N16: =IF(A16="",,IF(ROW()=2, Input!$C$2 + I16, P15 + I16)) | O16: =IF(A16="",, IF(K16="Initial principal", Input!$C$2 * M16, N16 * M16 ) ) | P16: =IF(A16="",,N16 + O16 + J16) | Q16: =IF(A16="",,IF(ROW()=2,O16,Q15+O16)) | R16: {=IF( B16="", , SWITCH( Input!$C$4, "Actual/365 Fixed", YEARFRAC( B16 + IF(INDEX(Input!$K$7:$K1503,ROW()-1),0,1), C16 + IF(INDEX(Input!$L$7:$L1503,ROW()-1),1,0), 3 ), "Anniversary/365", DATEDIF( B16 + IF(INDEX(Input!$K$7:$K1503,ROW()-1),0,1), C16 + IF(INDEX(Input!$L$7:$L1503,ROW()-1),1,0), "Y" ) + ( (C16 + IF(INDEX(Input!$L$7:$L1503,ROW()-1),1,0)) - EDATE( B16 + IF(INDEX(Input!$K$7:$K1503,ROW()-1),0,1), 12*DATEDIF( B16 + IF(INDEX(Input!$K$7:$K1503,ROW()-1),0,1), C16 + IF(INDEX(Input!$L$7:$L1503,ROW()-1),1,0), "Y" ) ) ) / 365, "Actual/Actual", YEARFRAC( B16 + IF(INDEX(Input!$K$7:$K1503,ROW()-1),0,1), C16 + IF(INDEX(Input!$L$7:$L1503,ROW()-1),1,0), 1 ), YEARFRAC( B16 + IF(INDEX(Input!$K$7:$K1503,ROW()-1),0,1), C16 + IF(INDEX(Input!$L$7:$L1503,ROW()-1),1,0), 3 ) ) )} | S16: =IF( E16="", , IF( E16="Simple", L16, (1 + L16 / SWITCH(H16,"Monthly",12,"Quarterly",4,"Semi-annual",2,"Annual",1,1)) ^ SWITCH(H16,"Monthly",12,"Quarterly",4,"Semi-annual",2,"Annual",1,1) - 1 ) ) | T16: {=IF( B16="", , DATEDIF( B16 + IF(INDEX(Input!$K$7:$K1503,ROW()-1),0,1), C16 + IF(INDEX(Input!$L$7:$L1503,ROW()-1),1,0), "Y" ) )} | U16: {=IF( B16="", , (C16 + IF(INDEX(Input!$L$7:$L1503,ROW()-1),1,0)) - EDATE( B16 + IF(INDEX(Input!$K$7:$K1503,ROW()-1),0,1), 12*S16 ) )} | V16: =IF( D16="", , R16*365*366 - 365*D16 ) | W16: =IF( D16="", , D16 - V16 )
I17: 0 | J17: 0 | M17: =IF( E17="", , IF( E17="Simple", L17 * R17, LET( t, R17, m, SWITCH(H17,"Monthly",12,"Quarterly",4,"Semi-annual",2,"Annual",1,1), (1 + L17/m)^(m*t) - 1 ) ) ) | N17: =IF(A17="",,IF(ROW()=2, Input!$C$2 + I17, P16 + I17)) | O17: =IF(A17="",, IF(K17="Initial principal", Input!$C$2 * M17, N17 * M17 ) ) | P17: =IF(A17="",,N17 + O17 + J17) | Q17: =IF(A17="",,IF(ROW()=2,O17,Q16+O17)) | R17: {=IF( B17="", , SWITCH( Input!$C$4, "Actual/365 Fixed", YEARFRAC( B17 + IF(INDEX(Input!$K$7:$K1503,ROW()-1),0,1), C17 + IF(INDEX(Input!$L$7:$L1503,ROW()-1),1,0), 3 ), "Anniversary/365", DATEDIF( B17 + IF(INDEX(Input!$K$7:$K1503,ROW()-1),0,1), C17 + IF(INDEX(Input!$L$7:$L1503,ROW()-1),1,0), "Y" ) + ( (C17 + IF(INDEX(Input!$L$7:$L1503,ROW()-1),1,0)) - EDATE( B17 + IF(INDEX(Input!$K$7:$K1503,ROW()-1),0,1), 12*DATEDIF( B17 + IF(INDEX(Input!$K$7:$K1503,ROW()-1),0,1), C17 + IF(INDEX(Input!$L$7:$L1503,ROW()-1),1,0), "Y" ) ) ) / 365, "Actual/Actual", YEARFRAC( B17 + IF(INDEX(Input!$K$7:$K1503,ROW()-1),0,1), C17 + IF(INDEX(Input!$L$7:$L1503,ROW()-1),1,0), 1 ), YEARFRAC( B17 + IF(INDEX(Input!$K$7:$K1503,ROW()-1),0,1), C17 + IF(INDEX(Input!$L$7:$L1503,ROW()-1),1,0), 3 ) ) )} | S17: =IF( E17="", , IF( E17="Simple", L17, (1 + L17 / SWITCH(H17,"Monthly",12,"Quarterly",4,"Semi-annual",2,"Annual",1,1)) ^ SWITCH(H17,"Monthly",12,"Quarterly",4,"Semi-annual",2,"Annual",1,1) - 1 ) ) | T17: {=IF( B17="", , DATEDIF( B17 + IF(INDEX(Input!$K$7:$K1503,ROW()-1),0,1), C17 + IF(INDEX(Input!$L$7:$L1503,ROW()-1),1,0), "Y" ) )} | U17: {=IF( B17="", , (C17 + IF(INDEX(Input!$L$7:$L1503,ROW()-1),1,0)) - EDATE( B17 + IF(INDEX(Input!$K$7:$K1503,ROW()-1),0,1), 12*S17 ) )} | V17: =IF( D17="", , R17*365*366 - 365*D17 ) | W17: =IF( D17="", , D17 - V17 )
I18: 0 | J18: 0 | M18: =IF( E18="", , IF( E18="Simple", L18 * R18, LET( t, R18, m, SWITCH(H18,"Monthly",12,"Quarterly",4,"Semi-annual",2,"Annual",1,1), (1 + L18/m)^(m*t) - 1 ) ) ) | N18: =IF(A18="",,IF(ROW()=2, Input!$C$2 + I18, P17 + I18)) | O18: =IF(A18="",, IF(K18="Initial principal", Input!$C$2 * M18, N18 * M18 ) ) | P18: =IF(A18="",,N18 + O18 + J18) | Q18: =IF(A18="",,IF(ROW()=2,O18,Q17+O18)) | R18: {=IF( B18="", , SWITCH( Input!$C$4, "Actual/365 Fixed", YEARFRAC( B18 + IF(INDEX(Input!$K$7:$K1503,ROW()-1),0,1), C18 + IF(INDEX(Input!$L$7:$L1503,ROW()-1),1,0), 3 ), "Anniversary/365", DATEDIF( B18 + IF(INDEX(Input!$K$7:$K1503,ROW()-1),0,1), C18 + IF(INDEX(Input!$L$7:$L1503,ROW()-1),1,0), "Y" ) + ( (C18 + IF(INDEX(Input!$L$7:$L1503,ROW()-1),1,0)) - EDATE( B18 + IF(INDEX(Input!$K$7:$K1503,ROW()-1),0,1), 12*DATEDIF( B18 + IF(INDEX(Input!$K$7:$K1503,ROW()-1),0,1), C18 + IF(INDEX(Input!$L$7:$L1503,ROW()-1),1,0), "Y" ) ) ) / 365, "Actual/Actual", YEARFRAC( B18 + IF(INDEX(Input!$K$7:$K1503,ROW()-1),0,1), C18 + IF(INDEX(Input!$L$7:$L1503,ROW()-1),1,0), 1 ), YEARFRAC( B18 + IF(INDEX(Input!$K$7:$K1503,ROW()-1),0,1), C18 + IF(INDEX(Input!$L$7:$L1503,ROW()-1),1,0), 3 ) ) )} | S18: =IF( E18="", , IF( E18="Simple", L18, (1 + L18 / SWITCH(H18,"Monthly",12,"Quarterly",4,"Semi-annual",2,"Annual",1,1)) ^ SWITCH(H18,"Monthly",12,"Quarterly",4,"Semi-annual",2,"Annual",1,1) - 1 ) ) | T18: {=IF( B18="", , DATEDIF( B18 + IF(INDEX(Input!$K$7:$K1503,ROW()-1),0,1), C18 + IF(INDEX(Input!$L$7:$L1503,ROW()-1),1,0), "Y" ) )} | U18: {=IF( B18="", , (C18 + IF(INDEX(Input!$L$7:$L1503,ROW()-1),1,0)) - EDATE( B18 + IF(INDEX(Input!$K$7:$K1503,ROW()-1),0,1), 12*S18 ) )} | V18: =IF( D18="", , R18*365*366 - 365*D18 ) | W18: =IF( D18="", , D18 - V18 )
I19: 0 | J19: 0 | M19: =IF( E19="", , IF( E19="Simple", L19 * R19, LET( t, R19, m, SWITCH(H19,"Monthly",12,"Quarterly",4,"Semi-annual",2,"Annual",1,1), (1 + L19/m)^(m*t) - 1 ) ) ) | N19: =IF(A19="",,IF(ROW()=2, Input!$C$2 + I19, P18 + I19)) | O19: =IF(A19="",, IF(K19="Initial principal", Input!$C$2 * M19, N19 * M19 ) ) | P19: =IF(A19="",,N19 + O19 + J19) | Q19: =IF(A19="",,IF(ROW()=2,O19,Q18+O19)) | R19: {=IF( B19="", , SWITCH( Input!$C$4, "Actual/365 Fixed", YEARFRAC( B19 + IF(INDEX(Input!$K$7:$K1503,ROW()-1),0,1), C19 + IF(INDEX(Input!$L$7:$L1503,ROW()-1),1,0), 3 ), "Anniversary/365", DATEDIF( B19 + IF(INDEX(Input!$K$7:$K1503,ROW()-1),0,1), C19 + IF(INDEX(Input!$L$7:$L1503,ROW()-1),1,0), "Y" ) + ( (C19 + IF(INDEX(Input!$L$7:$L1503,ROW()-1),1,0)) - EDATE( B19 + IF(INDEX(Input!$K$7:$K1503,ROW()-1),0,1), 12*DATEDIF( B19 + IF(INDEX(Input!$K$7:$K1503,ROW()-1),0,1), C19 + IF(INDEX(Input!$L$7:$L1503,ROW()-1),1,0), "Y" ) ) ) / 365, "Actual/Actual", YEARFRAC( B19 + IF(INDEX(Input!$K$7:$K1503,ROW()-1),0,1), C19 + IF(INDEX(Input!$L$7:$L1503,ROW()-1),1,0), 1 ), YEARFRAC( B19 + IF(INDEX(Input!$K$7:$K1503,ROW()-1),0,1), C19 + IF(INDEX(Input!$L$7:$L1503,ROW()-1),1,0), 3 ) ) )} | S19: =IF( E19="", , IF( E19="Simple", L19, (1 + L19 / SWITCH(H19,"Monthly",12,"Quarterly",4,"Semi-annual",2,"Annual",1,1)) ^ SWITCH(H19,"Monthly",12,"Quarterly",4,"Semi-annual",2,"Annual",1,1) - 1 ) ) | T19: {=IF( B19="", , DATEDIF( B19 + IF(INDEX(Input!$K$7:$K1503,ROW()-1),0,1), C19 + IF(INDEX(Input!$L$7:$L1503,ROW()-1),1,0), "Y" ) )} | U19: {=IF( B19="", , (C19 + IF(INDEX(Input!$L$7:$L1503,ROW()-1),1,0)) - EDATE( B19 + IF(INDEX(Input!$K$7:$K1503,ROW()-1),0,1), 12*S19 ) )} | V19: =IF( D19="", , R19*365*366 - 365*D19 ) | W19: =IF( D19="", , D19 - V19 )
I20: 0 | J20: 0 | M20: =IF( E20="", , IF( E20="Simple", L20 * R20, LET( t, R20, m, SWITCH(H20,"Monthly",12,"Quarterly",4,"Semi-annual",2,"Annual",1,1), (1 + L20/m)^(m*t) - 1 ) ) ) | N20: =IF(A20="",,IF(ROW()=2, Input!$C$2 + I20, P19 + I20)) | O20: =IF(A20="",, IF(K20="Initial principal", Input!$C$2 * M20, N20 * M20 ) ) | P20: =IF(A20="",,N20 + O20 + J20) | Q20: =IF(A20="",,IF(ROW()=2,O20,Q19+O20)) | R20: {=IF( B20="", , SWITCH( Input!$C$4, "Actual/365 Fixed", YEARFRAC( B20 + IF(INDEX(Input!$K$7:$K1503,ROW()-1),0,1), C20 + IF(INDEX(Input!$L$7:$L1503,ROW()-1),1,0), 3 ), "Anniversary/365", DATEDIF( B20 + IF(INDEX(Input!$K$7:$K1503,ROW()-1),0,1), C20 + IF(INDEX(Input!$L$7:$L1503,ROW()-1),1,0), "Y" ) + ( (C20 + IF(INDEX(Input!$L$7:$L1503,ROW()-1),1,0)) - EDATE( B20 + IF(INDEX(Input!$K$7:$K1503,ROW()-1),0,1), 12*DATEDIF( B20 + IF(INDEX(Input!$K$7:$K1503,ROW()-1),0,1), C20 + IF(INDEX(Input!$L$7:$L1503,ROW()-1),1,0), "Y" ) ) ) / 365, "Actual/Actual", YEARFRAC( B20 + IF(INDEX(Input!$K$7:$K1503,ROW()-1),0,1), C20 + IF(INDEX(Input!$L$7:$L1503,ROW()-1),1,0), 1 ), YEARFRAC( B20 + IF(INDEX(Input!$K$7:$K1503,ROW()-1),0,1), C20 + IF(INDEX(Input!$L$7:$L1503,ROW()-1),1,0), 3 ) ) )} | S20: =IF( E20="", , IF( E20="Simple", L20, (1 + L20 / SWITCH(H20,"Monthly",12,"Quarterly",4,"Semi-annual",2,"Annual",1,1)) ^ SWITCH(H20,"Monthly",12,"Quarterly",4,"Semi-annual",2,"Annual",1,1) - 1 ) ) | T20: {=IF( B20="", , DATEDIF( B20 + IF(INDEX(Input!$K$7:$K1503,ROW()-1),0,1), C20 + IF(INDEX(Input!$L$7:$L1503,ROW()-1),1,0), "Y" ) )} | U20: {=IF( B20="", , (C20 + IF(INDEX(Input!$L$7:$L1503,ROW()-1),1,0)) - EDATE( B20 + IF(INDEX(Input!$K$7:$K1503,ROW()-1),0,1), 12*S20 ) )} | V20: =IF( D20="", , R20*365*366 - 365*D20 ) | W20: =IF( D20="", , D20 - V20 )
I21: 0 | J21: 0 | M21: =IF( E21="", , IF( E21="Simple", L21 * R21, LET( t, R21, m, SWITCH(H21,"Monthly",12,"Quarterly",4,"Semi-annual",2,"Annual",1,1), (1 + L21/m)^(m*t) - 1 ) ) ) | N21: =IF(A21="",,IF(ROW()=2, Input!$C$2 + I21, P20 + I21)) | O21: =IF(A21="",, IF(K21="Initial principal", Input!$C$2 * M21, N21 * M21 ) ) | P21: =IF(A21="",,N21 + O21 + J21) | Q21: =IF(A21="",,IF(ROW()=2,O21,Q20+O21)) | R21: {=IF( B21="", , SWITCH( Input!$C$4, "Actual/365 Fixed", YEARFRAC( B21 + IF(INDEX(Input!$K$7:$K1503,ROW()-1),0,1), C21 + IF(INDEX(Input!$L$7:$L1503,ROW()-1),1,0), 3 ), "Anniversary/365", DATEDIF( B21 + IF(INDEX(Input!$K$7:$K1503,ROW()-1),0,1), C21 + IF(INDEX(Input!$L$7:$L1503,ROW()-1),1,0), "Y" ) + ( (C21 + IF(INDEX(Input!$L$7:$L1503,ROW()-1),1,0)) - EDATE( B21 + IF(INDEX(Input!$K$7:$K1503,ROW()-1),0,1), 12*DATEDIF( B21 + IF(INDEX(Input!$K$7:$K1503,ROW()-1),0,1), C21 + IF(INDEX(Input!$L$7:$L1503,ROW()-1),1,0), "Y" ) ) ) / 365, "Actual/Actual", YEARFRAC( B21 + IF(INDEX(Input!$K$7:$K1503,ROW()-1),0,1), C21 + IF(INDEX(Input!$L$7:$L1503,ROW()-1),1,0), 1 ), YEARFRAC( B21 + IF(INDEX(Input!$K$7:$K1503,ROW()-1),0,1), C21 + IF(INDEX(Input!$L$7:$L1503,ROW()-1),1,0), 3 ) ) )} | S21: =IF( E21="", , IF( E21="Simple", L21, (1 + L21 / SWITCH(H21,"Monthly",12,"Quarterly",4,"Semi-annual",2,"Annual",1,1)) ^ SWITCH(H21,"Monthly",12,"Quarterly",4,"Semi-annual",2,"Annual",1,1) - 1 ) ) | T21: {=IF( B21="", , DATEDIF( B21 + IF(INDEX(Input!$K$7:$K1503,ROW()-1),0,1), C21 + IF(INDEX(Input!$L$7:$L1503,ROW()-1),1,0), "Y" ) )} | U21: {=IF( B21="", , (C21 + IF(INDEX(Input!$L$7:$L1503,ROW()-1),1,0)) - EDATE( B21 + IF(INDEX(Input!$K$7:$K1503,ROW()-1),0,1), 12*S21 ) )} | V21: =IF( D21="", , R21*365*366 - 365*D21 ) | W21: =IF( D21="", , D21 - V21 )
I22: 0 | J22: 0 | M22: =IF( E22="", , IF( E22="Simple", L22 * R22, LET( t, R22, m, SWITCH(H22,"Monthly",12,"Quarterly",4,"Semi-annual",2,"Annual",1,1), (1 + L22/m)^(m*t) - 1 ) ) ) | N22: =IF(A22="",,IF(ROW()=2, Input!$C$2 + I22, P21 + I22)) | O22: =IF(A22="",, IF(K22="Initial principal", Input!$C$2 * M22, N22 * M22 ) ) | P22: =IF(A22="",,N22 + O22 + J22) | Q22: =IF(A22="",,IF(ROW()=2,O22,Q21+O22)) | R22: {=IF( B22="", , SWITCH( Input!$C$4, "Actual/365 Fixed", YEARFRAC( B22 + IF(INDEX(Input!$K$7:$K1503,ROW()-1),0,1), C22 + IF(INDEX(Input!$L$7:$L1503,ROW()-1),1,0), 3 ), "Anniversary/365", DATEDIF( B22 + IF(INDEX(Input!$K$7:$K1503,ROW()-1),0,1), C22 + IF(INDEX(Input!$L$7:$L1503,ROW()-1),1,0), "Y" ) + ( (C22 + IF(INDEX(Input!$L$7:$L1503,ROW()-1),1,0)) - EDATE( B22 + IF(INDEX(Input!$K$7:$K1503,ROW()-1),0,1), 12*DATEDIF( B22 + IF(INDEX(Input!$K$7:$K1503,ROW()-1),0,1), C22 + IF(INDEX(Input!$L$7:$L1503,ROW()-1),1,0), "Y" ) ) ) / 365, "Actual/Actual", YEARFRAC( B22 + IF(INDEX(Input!$K$7:$K1503,ROW()-1),0,1), C22 + IF(INDEX(Input!$L$7:$L1503,ROW()-1),1,0), 1 ), YEARFRAC( B22 + IF(INDEX(Input!$K$7:$K1503,ROW()-1),0,1), C22 + IF(INDEX(Input!$L$7:$L1503,ROW()-1),1,0), 3 ) ) )} | S22: =IF( E22="", , IF( E22="Simple", L22, (1 + L22 / SWITCH(H22,"Monthly",12,"Quarterly",4,"Semi-annual",2,"Annual",1,1)) ^ SWITCH(H22,"Monthly",12,"Quarterly",4,"Semi-annual",2,"Annual",1,1) - 1 ) ) | T22: {=IF( B22="", , DATEDIF( B22 + IF(INDEX(Input!$K$7:$K1503,ROW()-1),0,1), C22 + IF(INDEX(Input!$L$7:$L1503,ROW()-1),1,0), "Y" ) )} | U22: {=IF( B22="", , (C22 + IF(INDEX(Input!$L$7:$L1503,ROW()-1),1,0)) - EDATE( B22 + IF(INDEX(Input!$K$7:$K1503,ROW()-1),0,1), 12*S22 ) )} | V22: =IF( D22="", , R22*365*366 - 365*D22 ) | W22: =IF( D22="", , D22 - V22 )
I23: 0 | J23: 0 | M23: =IF( E23="", , IF( E23="Simple", L23 * R23, LET( t, R23, m, SWITCH(H23,"Monthly",12,"Quarterly",4,"Semi-annual",2,"Annual",1,1), (1 + L23/m)^(m*t) - 1 ) ) ) | N23: =IF(A23="",,IF(ROW()=2, Input!$C$2 + I23, P22 + I23)) | O23: =IF(A23="",, IF(K23="Initial principal", Input!$C$2 * M23, N23 * M23 ) ) | P23: =IF(A23="",,N23 + O23 + J23) | Q23: =IF(A23="",,IF(ROW()=2,O23,Q22+O23)) | R23: {=IF( B23="", , SWITCH( Input!$C$4, "Actual/365 Fixed", YEARFRAC( B23 + IF(INDEX(Input!$K$7:$K1503,ROW()-1),0,1), C23 + IF(INDEX(Input!$L$7:$L1503,ROW()-1),1,0), 3 ), "Anniversary/365", DATEDIF( B23 + IF(INDEX(Input!$K$7:$K1503,ROW()-1),0,1), C23 + IF(INDEX(Input!$L$7:$L1503,ROW()-1),1,0), "Y" ) + ( (C23 + IF(INDEX(Input!$L$7:$L1503,ROW()-1),1,0)) - EDATE( B23 + IF(INDEX(Input!$K$7:$K1503,ROW()-1),0,1), 12*DATEDIF( B23 + IF(INDEX(Input!$K$7:$K1503,ROW()-1),0,1), C23 + IF(INDEX(Input!$L$7:$L1503,ROW()-1),1,0), "Y" ) ) ) / 365, "Actual/Actual", YEARFRAC( B23 + IF(INDEX(Input!$K$7:$K1503,ROW()-1),0,1), C23 + IF(INDEX(Input!$L$7:$L1503,ROW()-1),1,0), 1 ), YEARFRAC( B23 + IF(INDEX(Input!$K$7:$K1503,ROW()-1),0,1), C23 + IF(INDEX(Input!$L$7:$L1503,ROW()-1),1,0), 3 ) ) )} | S23: =IF( E23="", , IF( E23="Simple", L23, (1 + L23 / SWITCH(H23,"Monthly",12,"Quarterly",4,"Semi-annual",2,"Annual",1,1)) ^ SWITCH(H23,"Monthly",12,"Quarterly",4,"Semi-annual",2,"Annual",1,1) - 1 ) ) | T23: {=IF( B23="", , DATEDIF( B23 + IF(INDEX(Input!$K$7:$K1503,ROW()-1),0,1), C23 + IF(INDEX(Input!$L$7:$L1503,ROW()-1),1,0), "Y" ) )} | U23: {=IF( B23="", , (C23 + IF(INDEX(Input!$L$7:$L1503,ROW()-1),1,0)) - EDATE( B23 + IF(INDEX(Input!$K$7:$K1503,ROW()-1),0,1), 12*S23 ) )} | V23: =IF( D23="", , R23*365*366 - 365*D23 ) | W23: =IF( D23="", , D23 - V23 )
I24: 0 | J24: 0 | M24: =IF( E24="", , IF( E24="Simple", L24 * R24, LET( t, R24, m, SWITCH(H24,"Monthly",12,"Quarterly",4,"Semi-annual",2,"Annual",1,1), (1 + L24/m)^(m*t) - 1 ) ) ) | N24: =IF(A24="",,IF(ROW()=2, Input!$C$2 + I24, P23 + I24)) | O24: =IF(A24="",, IF(K24="Initial principal", Input!$C$2 * M24, N24 * M24 ) ) | P24: =IF(A24="",,N24 + O24 + J24) | Q24: =IF(A24="",,IF(ROW()=2,O24,Q23+O24)) | R24: {=IF( B24="", , SWITCH( Input!$C$4, "Actual/365 Fixed", YEARFRAC( B24 + IF(INDEX(Input!$K$7:$K1503,ROW()-1),0,1), C24 + IF(INDEX(Input!$L$7:$L1503,ROW()-1),1,0), 3 ), "Anniversary/365", DATEDIF( B24 + IF(INDEX(Input!$K$7:$K1503,ROW()-1),0,1), C24 + IF(INDEX(Input!$L$7:$L1503,ROW()-1),1,0), "Y" ) + ( (C24 + IF(INDEX(Input!$L$7:$L1503,ROW()-1),1,0)) - EDATE( B24 + IF(INDEX(Input!$K$7:$K1503,ROW()-1),0,1), 12*DATEDIF( B24 + IF(INDEX(Input!$K$7:$K1503,ROW()-1),0,1), C24 + IF(INDEX(Input!$L$7:$L1503,ROW()-1),1,0), "Y" ) ) ) / 365, "Actual/Actual", YEARFRAC( B24 + IF(INDEX(Input!$K$7:$K1503,ROW()-1),0,1), C24 + IF(INDEX(Input!$L$7:$L1503,ROW()-1),1,0), 1 ), YEARFRAC( B24 + IF(INDEX(Input!$K$7:$K1503,ROW()-1),0,1), C24 + IF(INDEX(Input!$L$7:$L1503,ROW()-1),1,0), 3 ) ) )} | S24: =IF( E24="", , IF( E24="Simple", L24, (1 + L24 / SWITCH(H24,"Monthly",12,"Quarterly",4,"Semi-annual",2,"Annual",1,1)) ^ SWITCH(H24,"Monthly",12,"Quarterly",4,"Semi-annual",2,"Annual",1,1) - 1 ) ) | T24: {=IF( B24="", , DATEDIF( B24 + IF(INDEX(Input!$K$7:$K1503,ROW()-1),0,1), C24 + IF(INDEX(Input!$L$7:$L1503,ROW()-1),1,0), "Y" ) )} | U24: {=IF( B24="", , (C24 + IF(INDEX(Input!$L$7:$L1503,ROW()-1),1,0)) - EDATE( B24 + IF(INDEX(Input!$K$7:$K1503,ROW()-1),0,1), 12*S24 ) )} | V24: =IF( D24="", , R24*365*366 - 365*D24 ) | W24: =IF( D24="", , D24 - V24 )
I25: 0 | J25: 0 | M25: =IF( E25="", , IF( E25="Simple", L25 * R25, LET( t, R25, m, SWITCH(H25,"Monthly",12,"Quarterly",4,"Semi-annual",2,"Annual",1,1), (1 + L25/m)^(m*t) - 1 ) ) ) | N25: =IF(A25="",,IF(ROW()=2, Input!$C$2 + I25, P24 + I25)) | O25: =IF(A25="",, IF(K25="Initial principal", Input!$C$2 * M25, N25 * M25 ) ) | P25: =IF(A25="",,N25 + O25 + J25) | Q25: =IF(A25="",,IF(ROW()=2,O25,Q24+O25)) | R25: {=IF( B25="", , SWITCH( Input!$C$4, "Actual/365 Fixed", YEARFRAC( B25 + IF(INDEX(Input!$K$7:$K1503,ROW()-1),0,1), C25 + IF(INDEX(Input!$L$7:$L1503,ROW()-1),1,0), 3 ), "Anniversary/365", DATEDIF( B25 + IF(INDEX(Input!$K$7:$K1503,ROW()-1),0,1), C25 + IF(INDEX(Input!$L$7:$L1503,ROW()-1),1,0), "Y" ) + ( (C25 + IF(INDEX(Input!$L$7:$L1503,ROW()-1),1,0)) - EDATE( B25 + IF(INDEX(Input!$K$7:$K1503,ROW()-1),0,1), 12*DATEDIF( B25 + IF(INDEX(Input!$K$7:$K1503,ROW()-1),0,1), C25 + IF(INDEX(Input!$L$7:$L1503,ROW()-1),1,0), "Y" ) ) ) / 365, "Actual/Actual", YEARFRAC( B25 + IF(INDEX(Input!$K$7:$K1503,ROW()-1),0,1), C25 + IF(INDEX(Input!$L$7:$L1503,ROW()-1),1,0), 1 ), YEARFRAC( B25 + IF(INDEX(Input!$K$7:$K1503,ROW()-1),0,1), C25 + IF(INDEX(Input!$L$7:$L1503,ROW()-1),1,0), 3 ) ) )} | S25: =IF( E25="", , IF( E25="Simple", L25, (1 + L25 / SWITCH(H25,"Monthly",12,"Quarterly",4,"Semi-annual",2,"Annual",1,1)) ^ SWITCH(H25,"Monthly",12,"Quarterly",4,"Semi-annual",2,"Annual",1,1) - 1 ) ) | T25: {=IF( B25="", , DATEDIF( B25 + IF(INDEX(Input!$K$7:$K1503,ROW()-1),0,1), C25 + IF(INDEX(Input!$L$7:$L1503,ROW()-1),1,0), "Y" ) )} | U25: {=IF( B25="", , (C25 + IF(INDEX(Input!$L$7:$L1503,ROW()-1),1,0)) - EDATE( B25 + IF(INDEX(Input!$K$7:$K1503,ROW()-1),0,1), 12*S25 ) )} | V25: =IF( D25="", , R25*365*366 - 365*D25 ) | W25: =IF( D25="", , D25 - V25 )
I26: 0 | J26: 0 | M26: =IF( E26="", , IF( E26="Simple", L26 * R26, LET( t, R26, m, SWITCH(H26,"Monthly",12,"Quarterly",4,"Semi-annual",2,"Annual",1,1), (1 + L26/m)^(m*t) - 1 ) ) ) | N26: =IF(A26="",,IF(ROW()=2, Input!$C$2 + I26, P25 + I26)) | O26: =IF(A26="",, IF(K26="Initial principal", Input!$C$2 * M26, N26 * M26 ) ) | P26: =IF(A26="",,N26 + O26 + J26) | Q26: =IF(A26="",,IF(ROW()=2,O26,Q25+O26)) | R26: {=IF( B26="", , SWITCH( Input!$C$4, "Actual/365 Fixed", YEARFRAC( B26 + IF(INDEX(Input!$K$7:$K1503,ROW()-1),0,1), C26 + IF(INDEX(Input!$L$7:$L1503,ROW()-1),1,0), 3 ), "Anniversary/365", DATEDIF( B26 + IF(INDEX(Input!$K$7:$K1503,ROW()-1),0,1), C26 + IF(INDEX(Input!$L$7:$L1503,ROW()-1),1,0), "Y" ) + ( (C26 + IF(INDEX(Input!$L$7:$L1503,ROW()-1),1,0)) - EDATE( B26 + IF(INDEX(Input!$K$7:$K1503,ROW()-1),0,1), 12*DATEDIF( B26 + IF(INDEX(Input!$K$7:$K1503,ROW()-1),0,1), C26 + IF(INDEX(Input!$L$7:$L1503,ROW()-1),1,0), "Y" ) ) ) / 365, "Actual/Actual", YEARFRAC( B26 + IF(INDEX(Input!$K$7:$K1503,ROW()-1),0,1), C26 + IF(INDEX(Input!$L$7:$L1503,ROW()-1),1,0), 1 ), YEARFRAC( B26 + IF(INDEX(Input!$K$7:$K1503,ROW()-1),0,1), C26 + IF(INDEX(Input!$L$7:$L1503,ROW()-1),1,0), 3 ) ) )} | S26: =IF( E26="", , IF( E26="Simple", L26, (1 + L26 / SWITCH(H26,"Monthly",12,"Quarterly",4,"Semi-annual",2,"Annual",1,1)) ^ SWITCH(H26,"Monthly",12,"Quarterly",4,"Semi-annual",2,"Annual",1,1) - 1 ) ) | T26: {=IF( B26="", , DATEDIF( B26 + IF(INDEX(Input!$K$7:$K1503,ROW()-1),0,1), C26 + IF(INDEX(Input!$L$7:$L1503,ROW()-1),1,0), "Y" ) )} | U26: {=IF( B26="", , (C26 + IF(INDEX(Input!$L$7:$L1503,ROW()-1),1,0)) - EDATE( B26 + IF(INDEX(Input!$K$7:$K1503,ROW()-1),0,1), 12*S26 ) )} | V26: =IF( D26="", , R26*365*366 - 365*D26 ) | W26: =IF( D26="", , D26 - V26 )
I27: 0 | J27: 0 | M27: =IF( E27="", , IF( E27="Simple", L27 * R27, LET( t, R27, m, SWITCH(H27,"Monthly",12,"Quarterly",4,"Semi-annual",2,"Annual",1,1), (1 + L27/m)^(m*t) - 1 ) ) ) | N27: =IF(A27="",,IF(ROW()=2, Input!$C$2 + I27, P26 + I27)) | O27: =IF(A27="",, IF(K27="Initial principal", Input!$C$2 * M27, N27 * M27 ) ) | P27: =IF(A27="",,N27 + O27 + J27) | Q27: =IF(A27="",,IF(ROW()=2,O27,Q26+O27)) | R27: {=IF( B27="", , SWITCH( Input!$C$4, "Actual/365 Fixed", YEARFRAC( B27 + IF(INDEX(Input!$K$7:$K1503,ROW()-1),0,1), C27 + IF(INDEX(Input!$L$7:$L1503,ROW()-1),1,0), 3 ), "Anniversary/365", DATEDIF( B27 + IF(INDEX(Input!$K$7:$K1503,ROW()-1),0,1), C27 + IF(INDEX(Input!$L$7:$L1503,ROW()-1),1,0), "Y" ) + ( (C27 + IF(INDEX(Input!$L$7:$L1503,ROW()-1),1,0)) - EDATE( B27 + IF(INDEX(Input!$K$7:$K1503,ROW()-1),0,1), 12*DATEDIF( B27 + IF(INDEX(Input!$K$7:$K1503,ROW()-1),0,1), C27 + IF(INDEX(Input!$L$7:$L1503,ROW()-1),1,0), "Y" ) ) ) / 365, "Actual/Actual", YEARFRAC( B27 + IF(INDEX(Input!$K$7:$K1503,ROW()-1),0,1), C27 + IF(INDEX(Input!$L$7:$L1503,ROW()-1),1,0), 1 ), YEARFRAC( B27 + IF(INDEX(Input!$K$7:$K1503,ROW()-1),0,1), C27 + IF(INDEX(Input!$L$7:$L1503,ROW()-1),1,0), 3 ) ) )} | S27: =IF( E27="", , IF( E27="Simple", L27, (1 + L27 / SWITCH(H27,"Monthly",12,"Quarterly",4,"Semi-annual",2,"Annual",1,1)) ^ SWITCH(H27,"Monthly",12,"Quarterly",4,"Semi-annual",2,"Annual",1,1) - 1 ) ) | T27: {=IF( B27="", , DATEDIF( B27 + IF(INDEX(Input!$K$7:$K1503,ROW()-1),0,1), C27 + IF(INDEX(Input!$L$7:$L1503,ROW()-1),1,0), "Y" ) )} | U27: {=IF( B27="", , (C27 + IF(INDEX(Input!$L$7:$L1503,ROW()-1),1,0)) - EDATE( B27 + IF(INDEX(Input!$K$7:$K1503,ROW()-1),0,1), 12*S27 ) )} | V27: =IF( D27="", , R27*365*366 - 365*D27 ) | W27: =IF( D27="", , D27 - V27 )
I28: 0 | J28: 0 | M28: =IF( E28="", , IF( E28="Simple", L28 * R28, LET( t, R28, m, SWITCH(H28,"Monthly",12,"Quarterly",4,"Semi-annual",2,"Annual",1,1), (1 + L28/m)^(m*t) - 1 ) ) ) | N28: =IF(A28="",,IF(ROW()=2, Input!$C$2 + I28, P27 + I28)) | O28: =IF(A28="",, IF(K28="Initial principal", Input!$C$2 * M28, N28 * M28 ) ) | P28: =IF(A28="",,N28 + O28 + J28) | Q28: =IF(A28="",,IF(ROW()=2,O28,Q27+O28)) | R28: {=IF( B28="", , SWITCH( Input!$C$4, "Actual/365 Fixed", YEARFRAC( B28 + IF(INDEX(Input!$K$7:$K1503,ROW()-1),0,1), C28 + IF(INDEX(Input!$L$7:$L1503,ROW()-1),1,0), 3 ), "Anniversary/365", DATEDIF( B28 + IF(INDEX(Input!$K$7:$K1503,ROW()-1),0,1), C28 + IF(INDEX(Input!$L$7:$L1503,ROW()-1),1,0), "Y" ) + ( (C28 + IF(INDEX(Input!$L$7:$L1503,ROW()-1),1,0)) - EDATE( B28 + IF(INDEX(Input!$K$7:$K1503,ROW()-1),0,1), 12*DATEDIF( B28 + IF(INDEX(Input!$K$7:$K1503,ROW()-1),0,1), C28 + IF(INDEX(Input!$L$7:$L1503,ROW()-1),1,0), "Y" ) ) ) / 365, "Actual/Actual", YEARFRAC( B28 + IF(INDEX(Input!$K$7:$K1503,ROW()-1),0,1), C28 + IF(INDEX(Input!$L$7:$L1503,ROW()-1),1,0), 1 ), YEARFRAC( B28 + IF(INDEX(Input!$K$7:$K1503,ROW()-1),0,1), C28 + IF(INDEX(Input!$L$7:$L1503,ROW()-1),1,0), 3 ) ) )} | S28: =IF( E28="", , IF( E28="Simple", L28, (1 + L28 / SWITCH(H28,"Monthly",12,"Quarterly",4,"Semi-annual",2,"Annual",1,1)) ^ SWITCH(H28,"Monthly",12,"Quarterly",4,"Semi-annual",2,"Annual",1,1) - 1 ) ) | T28: {=IF( B28="", , DATEDIF( B28 + IF(INDEX(Input!$K$7:$K1503,ROW()-1),0,1), C28 + IF(INDEX(Input!$L$7:$L1503,ROW()-1),1,0), "Y" ) )} | U28: {=IF( B28="", , (C28 + IF(INDEX(Input!$L$7:$L1503,ROW()-1),1,0)) - EDATE( B28 + IF(INDEX(Input!$K$7:$K1503,ROW()-1),0,1), 12*S28 ) )} | V28: =IF( D28="", , R28*365*366 - 365*D28 ) | W28: =IF( D28="", , D28 - V28 )
I29: 0 | J29: 0 | M29: =IF( E29="", , IF( E29="Simple", L29 * R29, LET( t, R29, m, SWITCH(H29,"Monthly",12,"Quarterly",4,"Semi-annual",2,"Annual",1,1), (1 + L29/m)^(m*t) - 1 ) ) ) | N29: =IF(A29="",,IF(ROW()=2, Input!$C$2 + I29, P28 + I29)) | O29: =IF(A29="",, IF(K29="Initial principal", Input!$C$2 * M29, N29 * M29 ) ) | P29: =IF(A29="",,N29 + O29 + J29) | Q29: =IF(A29="",,IF(ROW()=2,O29,Q28+O29)) | R29: {=IF( B29="", , SWITCH( Input!$C$4, "Actual/365 Fixed", YEARFRAC( B29 + IF(INDEX(Input!$K$7:$K1503,ROW()-1),0,1), C29 + IF(INDEX(Input!$L$7:$L1503,ROW()-1),1,0), 3 ), "Anniversary/365", DATEDIF( B29 + IF(INDEX(Input!$K$7:$K1503,ROW()-1),0,1), C29 + IF(INDEX(Input!$L$7:$L1503,ROW()-1),1,0), "Y" ) + ( (C29 + IF(INDEX(Input!$L$7:$L1503,ROW()-1),1,0)) - EDATE( B29 + IF(INDEX(Input!$K$7:$K1503,ROW()-1),0,1), 12*DATEDIF( B29 + IF(INDEX(Input!$K$7:$K1503,ROW()-1),0,1), C29 + IF(INDEX(Input!$L$7:$L1503,ROW()-1),1,0), "Y" ) ) ) / 365, "Actual/Actual", YEARFRAC( B29 + IF(INDEX(Input!$K$7:$K1503,ROW()-1),0,1), C29 + IF(INDEX(Input!$L$7:$L1503,ROW()-1),1,0), 1 ), YEARFRAC( B29 + IF(INDEX(Input!$K$7:$K1503,ROW()-1),0,1), C29 + IF(INDEX(Input!$L$7:$L1503,ROW()-1),1,0), 3 ) ) )} | S29: =IF( E29="", , IF( E29="Simple", L29, (1 + L29 / SWITCH(H29,"Monthly",12,"Quarterly",4,"Semi-annual",2,"Annual",1,1)) ^ SWITCH(H29,"Monthly",12,"Quarterly",4,"Semi-annual",2,"Annual",1,1) - 1 ) ) | T29: {=IF( B29="", , DATEDIF( B29 + IF(INDEX(Input!$K$7:$K1503,ROW()-1),0,1), C29 + IF(INDEX(Input!$L$7:$L1503,ROW()-1),1,0), "Y" ) )} | U29: {=IF( B29="", , (C29 + IF(INDEX(Input!$L$7:$L1503,ROW()-1),1,0)) - EDATE( B29 + IF(INDEX(Input!$K$7:$K1503,ROW()-1),0,1), 12*S29 ) )} | V29: =IF( D29="", , R29*365*366 - 365*D29 ) | W29: =IF( D29="", , D29 - V29 )
I30: 0 | J30: 0 | M30: =IF( E30="", , IF( E30="Simple", L30 * R30, LET( t, R30, m, SWITCH(H30,"Monthly",12,"Quarterly",4,"Semi-annual",2,"Annual",1,1), (1 + L30/m)^(m*t) - 1 ) ) ) | N30: =IF(A30="",,IF(ROW()=2, Input!$C$2 + I30, P29 + I30)) | O30: =IF(A30="",, IF(K30="Initial principal", Input!$C$2 * M30, N30 * M30 ) ) | P30: =IF(A30="",,N30 + O30 + J30) | Q30: =IF(A30="",,IF(ROW()=2,O30,Q29+O30)) | R30: {=IF( B30="", , SWITCH( Input!$C$4, "Actual/365 Fixed", YEARFRAC( B30 + IF(INDEX(Input!$K$7:$K1503,ROW()-1),0,1), C30 + IF(INDEX(Input!$L$7:$L1503,ROW()-1),1,0), 3 ), "Anniversary/365", DATEDIF( B30 + IF(INDEX(Input!$K$7:$K1503,ROW()-1),0,1), C30 + IF(INDEX(Input!$L$7:$L1503,ROW()-1),1,0), "Y" ) + ( (C30 + IF(INDEX(Input!$L$7:$L1503,ROW()-1),1,0)) - EDATE( B30 + IF(INDEX(Input!$K$7:$K1503,ROW()-1),0,1), 12*DATEDIF( B30 + IF(INDEX(Input!$K$7:$K1503,ROW()-1),0,1), C30 + IF(INDEX(Input!$L$7:$L1503,ROW()-1),1,0), "Y" ) ) ) / 365, "Actual/Actual", YEARFRAC( B30 + IF(INDEX(Input!$K$7:$K1503,ROW()-1),0,1), C30 + IF(INDEX(Input!$L$7:$L1503,ROW()-1),1,0), 1 ), YEARFRAC( B30 + IF(INDEX(Input!$K$7:$K1503,ROW()-1),0,1), C30 + IF(INDEX(Input!$L$7:$L1503,ROW()-1),1,0), 3 ) ) )} | S30: =IF( E30="", , IF( E30="Simple", L30, (1 + L30 / SWITCH(H30,"Monthly",12,"Quarterly",4,"Semi-annual",2,"Annual",1,1)) ^ SWITCH(H30,"Monthly",12,"Quarterly",4,"Semi-annual",2,"Annual",1,1) - 1 ) ) | T30: {=IF( B30="", , DATEDIF( B30 + IF(INDEX(Input!$K$7:$K1503,ROW()-1),0,1), C30 + IF(INDEX(Input!$L$7:$L1503,ROW()-1),1,0), "Y" ) )} | U30: {=IF( B30="", , (C30 + IF(INDEX(Input!$L$7:$L1503,ROW()-1),1,0)) - EDATE( B30 + IF(INDEX(Input!$K$7:$K1503,ROW()-1),0,1), 12*S30 ) )} | V30: =IF( D30="", , R30*365*366 - 365*D30 ) | W30: =IF( D30="", , D30 - V30 )
I31: 0 | J31: 0 | M31: =IF( E31="", , IF( E31="Simple", L31 * R31, LET( t, R31, m, SWITCH(H31,"Monthly",12,"Quarterly",4,"Semi-annual",2,"Annual",1,1), (1 + L31/m)^(m*t) - 1 ) ) ) | N31: =IF(A31="",,IF(ROW()=2, Input!$C$2 + I31, P30 + I31)) | O31: =IF(A31="",, IF(K31="Initial principal", Input!$C$2 * M31, N31 * M31 ) ) | P31: =IF(A31="",,N31 + O31 + J31) | Q31: =IF(A31="",,IF(ROW()=2,O31,Q30+O31)) | R31: {=IF( B31="", , SWITCH( Input!$C$4, "Actual/365 Fixed", YEARFRAC( B31 + IF(INDEX(Input!$K$7:$K1503,ROW()-1),0,1), C31 + IF(INDEX(Input!$L$7:$L1503,ROW()-1),1,0), 3 ), "Anniversary/365", DATEDIF( B31 + IF(INDEX(Input!$K$7:$K1503,ROW()-1),0,1), C31 + IF(INDEX(Input!$L$7:$L1503,ROW()-1),1,0), "Y" ) + ( (C31 + IF(INDEX(Input!$L$7:$L1503,ROW()-1),1,0)) - EDATE( B31 + IF(INDEX(Input!$K$7:$K1503,ROW()-1),0,1), 12*DATEDIF( B31 + IF(INDEX(Input!$K$7:$K1503,ROW()-1),0,1), C31 + IF(INDEX(Input!$L$7:$L1503,ROW()-1),1,0), "Y" ) ) ) / 365, "Actual/Actual", YEARFRAC( B31 + IF(INDEX(Input!$K$7:$K1503,ROW()-1),0,1), C31 + IF(INDEX(Input!$L$7:$L1503,ROW()-1),1,0), 1 ), YEARFRAC( B31 + IF(INDEX(Input!$K$7:$K1503,ROW()-1),0,1), C31 + IF(INDEX(Input!$L$7:$L1503,ROW()-1),1,0), 3 ) ) )} | S31: =IF( E31="", , IF( E31="Simple", L31, (1 + L31 / SWITCH(H31,"Monthly",12,"Quarterly",4,"Semi-annual",2,"Annual",1,1)) ^ SWITCH(H31,"Monthly",12,"Quarterly",4,"Semi-annual",2,"Annual",1,1) - 1 ) ) | T31: {=IF( B31="", , DATEDIF( B31 + IF(INDEX(Input!$K$7:$K1503,ROW()-1),0,1), C31 + IF(INDEX(Input!$L$7:$L1503,ROW()-1),1,0), "Y" ) )} | U31: {=IF( B31="", , (C31 + IF(INDEX(Input!$L$7:$L1503,ROW()-1),1,0)) - EDATE( B31 + IF(INDEX(Input!$K$7:$K1503,ROW()-1),0,1), 12*S31 ) )} | V31: =IF( D31="", , R31*365*366 - 365*D31 ) | W31: =IF( D31="", , D31 - V31 )
I32: 0 | J32: 0 | M32: =IF( E32="", , IF( E32="Simple", L32 * R32, LET( t, R32, m, SWITCH(H32,"Monthly",12,"Quarterly",4,"Semi-annual",2,"Annual",1,1), (1 + L32/m)^(m*t) - 1 ) ) ) | N32: =IF(A32="",,IF(ROW()=2, Input!$C$2 + I32, P31 + I32)) | O32: =IF(A32="",, IF(K32="Initial principal", Input!$C$2 * M32, N32 * M32 ) ) | P32: =IF(A32="",,N32 + O32 + J32) | Q32: =IF(A32="",,IF(ROW()=2,O32,Q31+O32)) | R32: {=IF( B32="", , SWITCH( Input!$C$4, "Actual/365 Fixed", YEARFRAC( B32 + IF(INDEX(Input!$K$7:$K1503,ROW()-1),0,1), C32 + IF(INDEX(Input!$L$7:$L1503,ROW()-1),1,0), 3 ), "Anniversary/365", DATEDIF( B32 + IF(INDEX(Input!$K$7:$K1503,ROW()-1),0,1), C32 + IF(INDEX(Input!$L$7:$L1503,ROW()-1),1,0), "Y" ) + ( (C32 + IF(INDEX(Input!$L$7:$L1503,ROW()-1),1,0)) - EDATE( B32 + IF(INDEX(Input!$K$7:$K1503,ROW()-1),0,1), 12*DATEDIF( B32 + IF(INDEX(Input!$K$7:$K1503,ROW()-1),0,1), C32 + IF(INDEX(Input!$L$7:$L1503,ROW()-1),1,0), "Y" ) ) ) / 365, "Actual/Actual", YEARFRAC( B32 + IF(INDEX(Input!$K$7:$K1503,ROW()-1),0,1), C32 + IF(INDEX(Input!$L$7:$L1503,ROW()-1),1,0), 1 ), YEARFRAC( B32 + IF(INDEX(Input!$K$7:$K1503,ROW()-1),0,1), C32 + IF(INDEX(Input!$L$7:$L1503,ROW()-1),1,0), 3 ) ) )} | S32: =IF( E32="", , IF( E32="Simple", L32, (1 + L32 / SWITCH(H32,"Monthly",12,"Quarterly",4,"Semi-annual",2,"Annual",1,1)) ^ SWITCH(H32,"Monthly",12,"Quarterly",4,"Semi-annual",2,"Annual",1,1) - 1 ) ) | T32: {=IF( B32="", , DATEDIF( B32 + IF(INDEX(Input!$K$7:$K1503,ROW()-1),0,1), C32 + IF(INDEX(Input!$L$7:$L1503,ROW()-1),1,0), "Y" ) )} | U32: {=IF( B32="", , (C32 + IF(INDEX(Input!$L$7:$L1503,ROW()-1),1,0)) - EDATE( B32 + IF(INDEX(Input!$K$7:$K1503,ROW()-1),0,1), 12*S32 ) )} | V32: =IF( D32="", , R32*365*366 - 365*D32 ) | W32: =IF( D32="", , D32 - V32 )
I33: 0 | J33: 0 | M33: =IF( E33="", , IF( E33="Simple", L33 * R33, LET( t, R33, m, SWITCH(H33,"Monthly",12,"Quarterly",4,"Semi-annual",2,"Annual",1,1), (1 + L33/m)^(m*t) - 1 ) ) ) | N33: =IF(A33="",,IF(ROW()=2, Input!$C$2 + I33, P32 + I33)) | O33: =IF(A33="",, IF(K33="Initial principal", Input!$C$2 * M33, N33 * M33 ) ) | P33: =IF(A33="",,N33 + O33 + J33) | Q33: =IF(A33="",,IF(ROW()=2,O33,Q32+O33)) | R33: {=IF( B33="", , SWITCH( Input!$C$4, "Actual/365 Fixed", YEARFRAC( B33 + IF(INDEX(Input!$K$7:$K1503,ROW()-1),0,1), C33 + IF(INDEX(Input!$L$7:$L1503,ROW()-1),1,0), 3 ), "Anniversary/365", DATEDIF( B33 + IF(INDEX(Input!$K$7:$K1503,ROW()-1),0,1), C33 + IF(INDEX(Input!$L$7:$L1503,ROW()-1),1,0), "Y" ) + ( (C33 + IF(INDEX(Input!$L$7:$L1503,ROW()-1),1,0)) - EDATE( B33 + IF(INDEX(Input!$K$7:$K1503,ROW()-1),0,1), 12*DATEDIF( B33 + IF(INDEX(Input!$K$7:$K1503,ROW()-1),0,1), C33 + IF(INDEX(Input!$L$7:$L1503,ROW()-1),1,0), "Y" ) ) ) / 365, "Actual/Actual", YEARFRAC( B33 + IF(INDEX(Input!$K$7:$K1503,ROW()-1),0,1), C33 + IF(INDEX(Input!$L$7:$L1503,ROW()-1),1,0), 1 ), YEARFRAC( B33 + IF(INDEX(Input!$K$7:$K1503,ROW()-1),0,1), C33 + IF(INDEX(Input!$L$7:$L1503,ROW()-1),1,0), 3 ) ) )} | S33: =IF( E33="", , IF( E33="Simple", L33, (1 + L33 / SWITCH(H33,"Monthly",12,"Quarterly",4,"Semi-annual",2,"Annual",1,1)) ^ SWITCH(H33,"Monthly",12,"Quarterly",4,"Semi-annual",2,"Annual",1,1) - 1 ) ) | T33: {=IF( B33="", , DATEDIF( B33 + IF(INDEX(Input!$K$7:$K1503,ROW()-1),0,1), C33 + IF(INDEX(Input!$L$7:$L1503,ROW()-1),1,0), "Y" ) )} | U33: {=IF( B33="", , (C33 + IF(INDEX(Input!$L$7:$L1503,ROW()-1),1,0)) - EDATE( B33 + IF(INDEX(Input!$K$7:$K1503,ROW()-1),0,1), 12*S33 ) )} | V33: =IF( D33="", , R33*365*366 - 365*D33 ) | W33: =IF( D33="", , D33 - V33 )
I34: 0 | J34: 0 | M34: =IF( E34="", , IF( E34="Simple", L34 * R34, LET( t, R34, m, SWITCH(H34,"Monthly",12,"Quarterly",4,"Semi-annual",2,"Annual",1,1), (1 + L34/m)^(m*t) - 1 ) ) ) | N34: =IF(A34="",,IF(ROW()=2, Input!$C$2 + I34, P33 + I34)) | O34: =IF(A34="",, IF(K34="Initial principal", Input!$C$2 * M34, N34 * M34 ) ) | P34: =IF(A34="",,N34 + O34 + J34) | Q34: =IF(A34="",,IF(ROW()=2,O34,Q33+O34)) | R34: {=IF( B34="", , SWITCH( Input!$C$4, "Actual/365 Fixed", YEARFRAC( B34 + IF(INDEX(Input!$K$7:$K1503,ROW()-1),0,1), C34 + IF(INDEX(Input!$L$7:$L1503,ROW()-1),1,0), 3 ), "Anniversary/365", DATEDIF( B34 + IF(INDEX(Input!$K$7:$K1503,ROW()-1),0,1), C34 + IF(INDEX(Input!$L$7:$L1503,ROW()-1),1,0), "Y" ) + ( (C34 + IF(INDEX(Input!$L$7:$L1503,ROW()-1),1,0)) - EDATE( B34 + IF(INDEX(Input!$K$7:$K1503,ROW()-1),0,1), 12*DATEDIF( B34 + IF(INDEX(Input!$K$7:$K1503,ROW()-1),0,1), C34 + IF(INDEX(Input!$L$7:$L1503,ROW()-1),1,0), "Y" ) ) ) / 365, "Actual/Actual", YEARFRAC( B34 + IF(INDEX(Input!$K$7:$K1503,ROW()-1),0,1), C34 + IF(INDEX(Input!$L$7:$L1503,ROW()-1),1,0), 1 ), YEARFRAC( B34 + IF(INDEX(Input!$K$7:$K1503,ROW()-1),0,1), C34 + IF(INDEX(Input!$L$7:$L1503,ROW()-1),1,0), 3 ) ) )} | S34: =IF( E34="", , IF( E34="Simple", L34, (1 + L34 / SWITCH(H34,"Monthly",12,"Quarterly",4,"Semi-annual",2,"Annual",1,1)) ^ SWITCH(H34,"Monthly",12,"Quarterly",4,"Semi-annual",2,"Annual",1,1) - 1 ) ) | T34: {=IF( B34="", , DATEDIF( B34 + IF(INDEX(Input!$K$7:$K1503,ROW()-1),0,1), C34 + IF(INDEX(Input!$L$7:$L1503,ROW()-1),1,0), "Y" ) )} | U34: {=IF( B34="", , (C34 + IF(INDEX(Input!$L$7:$L1503,ROW()-1),1,0)) - EDATE( B34 + IF(INDEX(Input!$K$7:$K1503,ROW()-1),0,1), 12*S34 ) )} | V34: =IF( D34="", , R34*365*366 - 365*D34 ) | W34: =IF( D34="", , D34 - V34 )
I35: 0 | J35: 0 | M35: =IF( E35="", , IF( E35="Simple", L35 * R35, LET( t, R35, m, SWITCH(H35,"Monthly",12,"Quarterly",4,"Semi-annual",2,"Annual",1,1), (1 + L35/m)^(m*t) - 1 ) ) ) | N35: =IF(A35="",,IF(ROW()=2, Input!$C$2 + I35, P34 + I35)) | O35: =IF(A35="",, IF(K35="Initial principal", Input!$C$2 * M35, N35 * M35 ) ) | P35: =IF(A35="",,N35 + O35 + J35) | Q35: =IF(A35="",,IF(ROW()=2,O35,Q34+O35)) | R35: {=IF( B35="", , SWITCH( Input!$C$4, "Actual/365 Fixed", YEARFRAC( B35 + IF(INDEX(Input!$K$7:$K1503,ROW()-1),0,1), C35 + IF(INDEX(Input!$L$7:$L1503,ROW()-1),1,0), 3 ), "Anniversary/365", DATEDIF( B35 + IF(INDEX(Input!$K$7:$K1503,ROW()-1),0,1), C35 + IF(INDEX(Input!$L$7:$L1503,ROW()-1),1,0), "Y" ) + ( (C35 + IF(INDEX(Input!$L$7:$L1503,ROW()-1),1,0)) - EDATE( B35 + IF(INDEX(Input!$K$7:$K1503,ROW()-1),0,1), 12*DATEDIF( B35 + IF(INDEX(Input!$K$7:$K1503,ROW()-1),0,1), C35 + IF(INDEX(Input!$L$7:$L1503,ROW()-1),1,0), "Y" ) ) ) / 365, "Actual/Actual", YEARFRAC( B35 + IF(INDEX(Input!$K$7:$K1503,ROW()-1),0,1), C35 + IF(INDEX(Input!$L$7:$L1503,ROW()-1),1,0), 1 ), YEARFRAC( B35 + IF(INDEX(Input!$K$7:$K1503,ROW()-1),0,1), C35 + IF(INDEX(Input!$L$7:$L1503,ROW()-1),1,0), 3 ) ) )} | S35: =IF( E35="", , IF( E35="Simple", L35, (1 + L35 / SWITCH(H35,"Monthly",12,"Quarterly",4,"Semi-annual",2,"Annual",1,1)) ^ SWITCH(H35,"Monthly",12,"Quarterly",4,"Semi-annual",2,"Annual",1,1) - 1 ) ) | T35: {=IF( B35="", , DATEDIF( B35 + IF(INDEX(Input!$K$7:$K1503,ROW()-1),0,1), C35 + IF(INDEX(Input!$L$7:$L1503,ROW()-1),1,0), "Y" ) )} | U35: {=IF( B35="", , (C35 + IF(INDEX(Input!$L$7:$L1503,ROW()-1),1,0)) - EDATE( B35 + IF(INDEX(Input!$K$7:$K1503,ROW()-1),0,1), 12*S35 ) )} | V35: =IF( D35="", , R35*365*366 - 365*D35 ) | W35: =IF( D35="", , D35 - V35 )
I36: 0 | J36: 0 | M36: =IF( E36="", , IF( E36="Simple", L36 * R36, LET( t, R36, m, SWITCH(H36,"Monthly",12,"Quarterly",4,"Semi-annual",2,"Annual",1,1), (1 + L36/m)^(m*t) - 1 ) ) ) | N36: =IF(A36="",,IF(ROW()=2, Input!$C$2 + I36, P35 + I36)) | O36: =IF(A36="",, IF(K36="Initial principal", Input!$C$2 * M36, N36 * M36 ) ) | P36: =IF(A36="",,N36 + O36 + J36) | Q36: =IF(A36="",,IF(ROW()=2,O36,Q35+O36)) | R36: {=IF( B36="", , SWITCH( Input!$C$4, "Actual/365 Fixed", YEARFRAC( B36 + IF(INDEX(Input!$K$7:$K1503,ROW()-1),0,1), C36 + IF(INDEX(Input!$L$7:$L1503,ROW()-1),1,0), 3 ), "Anniversary/365", DATEDIF( B36 + IF(INDEX(Input!$K$7:$K1503,ROW()-1),0,1), C36 + IF(INDEX(Input!$L$7:$L1503,ROW()-1),1,0), "Y" ) + ( (C36 + IF(INDEX(Input!$L$7:$L1503,ROW()-1),1,0)) - EDATE( B36 + IF(INDEX(Input!$K$7:$K1503,ROW()-1),0,1), 12*DATEDIF( B36 + IF(INDEX(Input!$K$7:$K1503,ROW()-1),0,1), C36 + IF(INDEX(Input!$L$7:$L1503,ROW()-1),1,0), "Y" ) ) ) / 365, "Actual/Actual", YEARFRAC( B36 + IF(INDEX(Input!$K$7:$K1503,ROW()-1),0,1), C36 + IF(INDEX(Input!$L$7:$L1503,ROW()-1),1,0), 1 ), YEARFRAC( B36 + IF(INDEX(Input!$K$7:$K1503,ROW()-1),0,1), C36 + IF(INDEX(Input!$L$7:$L1503,ROW()-1),1,0), 3 ) ) )} | S36: =IF( E36="", , IF( E36="Simple", L36, (1 + L36 / SWITCH(H36,"Monthly",12,"Quarterly",4,"Semi-annual",2,"Annual",1,1)) ^ SWITCH(H36,"Monthly",12,"Quarterly",4,"Semi-annual",2,"Annual",1,1) - 1 ) ) | T36: {=IF( B36="", , DATEDIF( B36 + IF(INDEX(Input!$K$7:$K1503,ROW()-1),0,1), C36 + IF(INDEX(Input!$L$7:$L1503,ROW()-1),1,0), "Y" ) )} | U36: {=IF( B36="", , (C36 + IF(INDEX(Input!$L$7:$L1503,ROW()-1),1,0)) - EDATE( B36 + IF(INDEX(Input!$K$7:$K1503,ROW()-1),0,1), 12*S36 ) )} | V36: =IF( D36="", , R36*365*366 - 365*D36 ) | W36: =IF( D36="", , D36 - V36 )
I37: 0 | J37: 0 | M37: =IF( E37="", , IF( E37="Simple", L37 * R37, LET( t, R37, m, SWITCH(H37,"Monthly",12,"Quarterly",4,"Semi-annual",2,"Annual",1,1), (1 + L37/m)^(m*t) - 1 ) ) ) | N37: =IF(A37="",,IF(ROW()=2, Input!$C$2 + I37, P36 + I37)) | O37: =IF(A37="",, IF(K37="Initial principal", Input!$C$2 * M37, N37 * M37 ) ) | P37: =IF(A37="",,N37 + O37 + J37) | Q37: =IF(A37="",,IF(ROW()=2,O37,Q36+O37)) | R37: {=IF( B37="", , SWITCH( Input!$C$4, "Actual/365 Fixed", YEARFRAC( B37 + IF(INDEX(Input!$K$7:$K1503,ROW()-1),0,1), C37 + IF(INDEX(Input!$L$7:$L1503,ROW()-1),1,0), 3 ), "Anniversary/365", DATEDIF( B37 + IF(INDEX(Input!$K$7:$K1503,ROW()-1),0,1), C37 + IF(INDEX(Input!$L$7:$L1503,ROW()-1),1,0), "Y" ) + ( (C37 + IF(INDEX(Input!$L$7:$L1503,ROW()-1),1,0)) - EDATE( B37 + IF(INDEX(Input!$K$7:$K1503,ROW()-1),0,1), 12*DATEDIF( B37 + IF(INDEX(Input!$K$7:$K1503,ROW()-1),0,1), C37 + IF(INDEX(Input!$L$7:$L1503,ROW()-1),1,0), "Y" ) ) ) / 365, "Actual/Actual", YEARFRAC( B37 + IF(INDEX(Input!$K$7:$K1503,ROW()-1),0,1), C37 + IF(INDEX(Input!$L$7:$L1503,ROW()-1),1,0), 1 ), YEARFRAC( B37 + IF(INDEX(Input!$K$7:$K1503,ROW()-1),0,1), C37 + IF(INDEX(Input!$L$7:$L1503,ROW()-1),1,0), 3 ) ) )} | S37: =IF( E37="", , IF( E37="Simple", L37, (1 + L37 / SWITCH(H37,"Monthly",12,"Quarterly",4,"Semi-annual",2,"Annual",1,1)) ^ SWITCH(H37,"Monthly",12,"Quarterly",4,"Semi-annual",2,"Annual",1,1) - 1 ) ) | T37: {=IF( B37="", , DATEDIF( B37 + IF(INDEX(Input!$K$7:$K1503,ROW()-1),0,1), C37 + IF(INDEX(Input!$L$7:$L1503,ROW()-1),1,0), "Y" ) )} | U37: {=IF( B37="", , (C37 + IF(INDEX(Input!$L$7:$L1503,ROW()-1),1,0)) - EDATE( B37 + IF(INDEX(Input!$K$7:$K1503,ROW()-1),0,1), 12*S37 ) )} | V37: =IF( D37="", , R37*365*366 - 365*D37 ) | W37: =IF( D37="", , D37 - V37 )
I38: 0 | J38: 0 | M38: =IF( E38="", , IF( E38="Simple", L38 * R38, LET( t, R38, m, SWITCH(H38,"Monthly",12,"Quarterly",4,"Semi-annual",2,"Annual",1,1), (1 + L38/m)^(m*t) - 1 ) ) ) | N38: =IF(A38="",,IF(ROW()=2, Input!$C$2 + I38, P37 + I38)) | O38: =IF(A38="",, IF(K38="Initial principal", Input!$C$2 * M38, N38 * M38 ) ) | P38: =IF(A38="",,N38 + O38 + J38) | Q38: =IF(A38="",,IF(ROW()=2,O38,Q37+O38)) | R38: {=IF( B38="", , SWITCH( Input!$C$4, "Actual/365 Fixed", YEARFRAC( B38 + IF(INDEX(Input!$K$7:$K1503,ROW()-1),0,1), C38 + IF(INDEX(Input!$L$7:$L1503,ROW()-1),1,0), 3 ), "Anniversary/365", DATEDIF( B38 + IF(INDEX(Input!$K$7:$K1503,ROW()-1),0,1), C38 + IF(INDEX(Input!$L$7:$L1503,ROW()-1),1,0), "Y" ) + ( (C38 + IF(INDEX(Input!$L$7:$L1503,ROW()-1),1,0)) - EDATE( B38 + IF(INDEX(Input!$K$7:$K1503,ROW()-1),0,1), 12*DATEDIF( B38 + IF(INDEX(Input!$K$7:$K1503,ROW()-1),0,1), C38 + IF(INDEX(Input!$L$7:$L1503,ROW()-1),1,0), "Y" ) ) ) / 365, "Actual/Actual", YEARFRAC( B38 + IF(INDEX(Input!$K$7:$K1503,ROW()-1),0,1), C38 + IF(INDEX(Input!$L$7:$L1503,ROW()-1),1,0), 1 ), YEARFRAC( B38 + IF(INDEX(Input!$K$7:$K1503,ROW()-1),0,1), C38 + IF(INDEX(Input!$L$7:$L1503,ROW()-1),1,0), 3 ) ) )} | S38: =IF( E38="", , IF( E38="Simple", L38, (1 + L38 / SWITCH(H38,"Monthly",12,"Quarterly",4,"Semi-annual",2,"Annual",1,1)) ^ SWITCH(H38,"Monthly",12,"Quarterly",4,"Semi-annual",2,"Annual",1,1) - 1 ) ) | T38: {=IF( B38="", , DATEDIF( B38 + IF(INDEX(Input!$K$7:$K1503,ROW()-1),0,1), C38 + IF(INDEX(Input!$L$7:$L1503,ROW()-1),1,0), "Y" ) )} | U38: {=IF( B38="", , (C38 + IF(INDEX(Input!$L$7:$L1503,ROW()-1),1,0)) - EDATE( B38 + IF(INDEX(Input!$K$7:$K1503,ROW()-1),0,1), 12*S38 ) )} | V38: =IF( D38="", , R38*365*366 - 365*D38 ) | W38: =IF( D38="", , D38 - V38 )
I39: 0 | J39: 0 | M39: =IF( E39="", , IF( E39="Simple", L39 * R39, LET( t, R39, m, SWITCH(H39,"Monthly",12,"Quarterly",4,"Semi-annual",2,"Annual",1,1), (1 + L39/m)^(m*t) - 1 ) ) ) | N39: =IF(A39="",,IF(ROW()=2, Input!$C$2 + I39, P38 + I39)) | O39: =IF(A39="",, IF(K39="Initial principal", Input!$C$2 * M39, N39 * M39 ) ) | P39: =IF(A39="",,N39 + O39 + J39) | Q39: =IF(A39="",,IF(ROW()=2,O39,Q38+O39)) | R39: {=IF( B39="", , SWITCH( Input!$C$4, "Actual/365 Fixed", YEARFRAC( B39 + IF(INDEX(Input!$K$7:$K1503,ROW()-1),0,1), C39 + IF(INDEX(Input!$L$7:$L1503,ROW()-1),1,0), 3 ), "Anniversary/365", DATEDIF( B39 + IF(INDEX(Input!$K$7:$K1503,ROW()-1),0,1), C39 + IF(INDEX(Input!$L$7:$L1503,ROW()-1),1,0), "Y" ) + ( (C39 + IF(INDEX(Input!$L$7:$L1503,ROW()-1),1,0)) - EDATE( B39 + IF(INDEX(Input!$K$7:$K1503,ROW()-1),0,1), 12*DATEDIF( B39 + IF(INDEX(Input!$K$7:$K1503,ROW()-1),0,1), C39 + IF(INDEX(Input!$L$7:$L1503,ROW()-1),1,0), "Y" ) ) ) / 365, "Actual/Actual", YEARFRAC( B39 + IF(INDEX(Input!$K$7:$K1503,ROW()-1),0,1), C39 + IF(INDEX(Input!$L$7:$L1503,ROW()-1),1,0), 1 ), YEARFRAC( B39 + IF(INDEX(Input!$K$7:$K1503,ROW()-1),0,1), C39 + IF(INDEX(Input!$L$7:$L1503,ROW()-1),1,0), 3 ) ) )} | S39: =IF( E39="", , IF( E39="Simple", L39, (1 + L39 / SWITCH(H39,"Monthly",12,"Quarterly",4,"Semi-annual",2,"Annual",1,1)) ^ SWITCH(H39,"Monthly",12,"Quarterly",4,"Semi-annual",2,"Annual",1,1) - 1 ) ) | T39: {=IF( B39="", , DATEDIF( B39 + IF(INDEX(Input!$K$7:$K1503,ROW()-1),0,1), C39 + IF(INDEX(Input!$L$7:$L1503,ROW()-1),1,0), "Y" ) )} | U39: {=IF( B39="", , (C39 + IF(INDEX(Input!$L$7:$L1503,ROW()-1),1,0)) - EDATE( B39 + IF(INDEX(Input!$K$7:$K1503,ROW()-1),0,1), 12*S39 ) )} | V39: =IF( D39="", , R39*365*366 - 365*D39 ) | W39: =IF( D39="", , D39 - V39 )
I40: 0 | J40: 0 | M40: =IF( E40="", , IF( E40="Simple", L40 * R40, LET( t, R40, m, SWITCH(H40,"Monthly",12,"Quarterly",4,"Semi-annual",2,"Annual",1,1), (1 + L40/m)^(m*t) - 1 ) ) ) | N40: =IF(A40="",,IF(ROW()=2, Input!$C$2 + I40, P39 + I40)) | O40: =IF(A40="",, IF(K40="Initial principal", Input!$C$2 * M40, N40 * M40 ) ) | P40: =IF(A40="",,N40 + O40 + J40) | Q40: =IF(A40="",,IF(ROW()=2,O40,Q39+O40)) | R40: {=IF( B40="", , SWITCH( Input!$C$4, "Actual/365 Fixed", YEARFRAC( B40 + IF(INDEX(Input!$K$7:$K1503,ROW()-1),0,1), C40 + IF(INDEX(Input!$L$7:$L1503,ROW()-1),1,0), 3 ), "Anniversary/365", DATEDIF( B40 + IF(INDEX(Input!$K$7:$K1503,ROW()-1),0,1), C40 + IF(INDEX(Input!$L$7:$L1503,ROW()-1),1,0), "Y" ) + ( (C40 + IF(INDEX(Input!$L$7:$L1503,ROW()-1),1,0)) - EDATE( B40 + IF(INDEX(Input!$K$7:$K1503,ROW()-1),0,1), 12*DATEDIF( B40 + IF(INDEX(Input!$K$7:$K1503,ROW()-1),0,1), C40 + IF(INDEX(Input!$L$7:$L1503,ROW()-1),1,0), "Y" ) ) ) / 365, "Actual/Actual", YEARFRAC( B40 + IF(INDEX(Input!$K$7:$K1503,ROW()-1),0,1), C40 + IF(INDEX(Input!$L$7:$L1503,ROW()-1),1,0), 1 ), YEARFRAC( B40 + IF(INDEX(Input!$K$7:$K1503,ROW()-1),0,1), C40 + IF(INDEX(Input!$L$7:$L1503,ROW()-1),1,0), 3 ) ) )} | S40: =IF( E40="", , IF( E40="Simple", L40, (1 + L40 / SWITCH(H40,"Monthly",12,"Quarterly",4,"Semi-annual",2,"Annual",1,1)) ^ SWITCH(H40,"Monthly",12,"Quarterly",4,"Semi-annual",2,"Annual",1,1) - 1 ) ) | T40: {=IF( B40="", , DATEDIF( B40 + IF(INDEX(Input!$K$7:$K1503,ROW()-1),0,1), C40 + IF(INDEX(Input!$L$7:$L1503,ROW()-1),1,0), "Y" ) )} | U40: {=IF( B40="", , (C40 + IF(INDEX(Input!$L$7:$L1503,ROW()-1),1,0)) - EDATE( B40 + IF(INDEX(Input!$K$7:$K1503,ROW()-1),0,1), 12*S40 ) )} | V40: =IF( D40="", , R40*365*366 - 365*D40 ) | W40: =IF( D40="", , D40 - V40 )
I41: 0 | J41: 0 | M41: =IF( E41="", , IF( E41="Simple", L41 * R41, LET( t, R41, m, SWITCH(H41,"Monthly",12,"Quarterly",4,"Semi-annual",2,"Annual",1,1), (1 + L41/m)^(m*t) - 1 ) ) ) | N41: =IF(A41="",,IF(ROW()=2, Input!$C$2 + I41, P40 + I41)) | O41: =IF(A41="",, IF(K41="Initial principal", Input!$C$2 * M41, N41 * M41 ) ) | P41: =IF(A41="",,N41 + O41 + J41) | Q41: =IF(A41="",,IF(ROW()=2,O41,Q40+O41)) | R41: {=IF( B41="", , SWITCH( Input!$C$4, "Actual/365 Fixed", YEARFRAC( B41 + IF(INDEX(Input!$K$7:$K1503,ROW()-1),0,1), C41 + IF(INDEX(Input!$L$7:$L1503,ROW()-1),1,0), 3 ), "Anniversary/365", DATEDIF( B41 + IF(INDEX(Input!$K$7:$K1503,ROW()-1),0,1), C41 + IF(INDEX(Input!$L$7:$L1503,ROW()-1),1,0), "Y" ) + ( (C41 + IF(INDEX(Input!$L$7:$L1503,ROW()-1),1,0)) - EDATE( B41 + IF(INDEX(Input!$K$7:$K1503,ROW()-1),0,1), 12*DATEDIF( B41 + IF(INDEX(Input!$K$7:$K1503,ROW()-1),0,1), C41 + IF(INDEX(Input!$L$7:$L1503,ROW()-1),1,0), "Y" ) ) ) / 365, "Actual/Actual", YEARFRAC( B41 + IF(INDEX(Input!$K$7:$K1503,ROW()-1),0,1), C41 + IF(INDEX(Input!$L$7:$L1503,ROW()-1),1,0), 1 ), YEARFRAC( B41 + IF(INDEX(Input!$K$7:$K1503,ROW()-1),0,1), C41 + IF(INDEX(Input!$L$7:$L1503,ROW()-1),1,0), 3 ) ) )} | S41: =IF( E41="", , IF( E41="Simple", L41, (1 + L41 / SWITCH(H41,"Monthly",12,"Quarterly",4,"Semi-annual",2,"Annual",1,1)) ^ SWITCH(H41,"Monthly",12,"Quarterly",4,"Semi-annual",2,"Annual",1,1) - 1 ) ) | T41: {=IF( B41="", , DATEDIF( B41 + IF(INDEX(Input!$K$7:$K1503,ROW()-1),0,1), C41 + IF(INDEX(Input!$L$7:$L1503,ROW()-1),1,0), "Y" ) )} | U41: {=IF( B41="", , (C41 + IF(INDEX(Input!$L$7:$L1503,ROW()-1),1,0)) - EDATE( B41 + IF(INDEX(Input!$K$7:$K1503,ROW()-1),0,1), 12*S41 ) )} | V41: =IF( D41="", , R41*365*366 - 365*D41 ) | W41: =IF( D41="", , D41 - V41 )
I42: 0 | J42: 0 | M42: =IF( E42="", , IF( E42="Simple", L42 * R42, LET( t, R42, m, SWITCH(H42,"Monthly",12,"Quarterly",4,"Semi-annual",2,"Annual",1,1), (1 + L42/m)^(m*t) - 1 ) ) ) | N42: =IF(A42="",,IF(ROW()=2, Input!$C$2 + I42, P41 + I42)) | O42: =IF(A42="",, IF(K42="Initial principal", Input!$C$2 * M42, N42 * M42 ) ) | P42: =IF(A42="",,N42 + O42 + J42) | Q42: =IF(A42="",,IF(ROW()=2,O42,Q41+O42)) | R42: {=IF( B42="", , SWITCH( Input!$C$4, "Actual/365 Fixed", YEARFRAC( B42 + IF(INDEX(Input!$K$7:$K1503,ROW()-1),0,1), C42 + IF(INDEX(Input!$L$7:$L1503,ROW()-1),1,0), 3 ), "Anniversary/365", DATEDIF( B42 + IF(INDEX(Input!$K$7:$K1503,ROW()-1),0,1), C42 + IF(INDEX(Input!$L$7:$L1503,ROW()-1),1,0), "Y" ) + ( (C42 + IF(INDEX(Input!$L$7:$L1503,ROW()-1),1,0)) - EDATE( B42 + IF(INDEX(Input!$K$7:$K1503,ROW()-1),0,1), 12*DATEDIF( B42 + IF(INDEX(Input!$K$7:$K1503,ROW()-1),0,1), C42 + IF(INDEX(Input!$L$7:$L1503,ROW()-1),1,0), "Y" ) ) ) / 365, "Actual/Actual", YEARFRAC( B42 + IF(INDEX(Input!$K$7:$K1503,ROW()-1),0,1), C42 + IF(INDEX(Input!$L$7:$L1503,ROW()-1),1,0), 1 ), YEARFRAC( B42 + IF(INDEX(Input!$K$7:$K1503,ROW()-1),0,1), C42 + IF(INDEX(Input!$L$7:$L1503,ROW()-1),1,0), 3 ) ) )} | S42: =IF( E42="", , IF( E42="Simple", L42, (1 + L42 / SWITCH(H42,"Monthly",12,"Quarterly",4,"Semi-annual",2,"Annual",1,1)) ^ SWITCH(H42,"Monthly",12,"Quarterly",4,"Semi-annual",2,"Annual",1,1) - 1 ) ) | T42: {=IF( B42="", , DATEDIF( B42 + IF(INDEX(Input!$K$7:$K1503,ROW()-1),0,1), C42 + IF(INDEX(Input!$L$7:$L1503,ROW()-1),1,0), "Y" ) )} | U42: {=IF( B42="", , (C42 + IF(INDEX(Input!$L$7:$L1503,ROW()-1),1,0)) - EDATE( B42 + IF(INDEX(Input!$K$7:$K1503,ROW()-1),0,1), 12*S42 ) )} | V42: =IF( D42="", , R42*365*366 - 365*D42 ) | W42: =IF( D42="", , D42 - V42 )
I43: 0 | J43: 0 | M43: =IF( E43="", , IF( E43="Simple", L43 * R43, LET( t, R43, m, SWITCH(H43,"Monthly",12,"Quarterly",4,"Semi-annual",2,"Annual",1,1), (1 + L43/m)^(m*t) - 1 ) ) ) | N43: =IF(A43="",,IF(ROW()=2, Input!$C$2 + I43, P42 + I43)) | O43: =IF(A43="",, IF(K43="Initial principal", Input!$C$2 * M43, N43 * M43 ) ) | P43: =IF(A43="",,N43 + O43 + J43) | Q43: =IF(A43="",,IF(ROW()=2,O43,Q42+O43)) | R43: {=IF( B43="", , SWITCH( Input!$C$4, "Actual/365 Fixed", YEARFRAC( B43 + IF(INDEX(Input!$K$7:$K1503,ROW()-1),0,1), C43 + IF(INDEX(Input!$L$7:$L1503,ROW()-1),1,0), 3 ), "Anniversary/365", DATEDIF( B43 + IF(INDEX(Input!$K$7:$K1503,ROW()-1),0,1), C43 + IF(INDEX(Input!$L$7:$L1503,ROW()-1),1,0), "Y" ) + ( (C43 + IF(INDEX(Input!$L$7:$L1503,ROW()-1),1,0)) - EDATE( B43 + IF(INDEX(Input!$K$7:$K1503,ROW()-1),0,1), 12*DATEDIF( B43 + IF(INDEX(Input!$K$7:$K1503,ROW()-1),0,1), C43 + IF(INDEX(Input!$L$7:$L1503,ROW()-1),1,0), "Y" ) ) ) / 365, "Actual/Actual", YEARFRAC( B43 + IF(INDEX(Input!$K$7:$K1503,ROW()-1),0,1), C43 + IF(INDEX(Input!$L$7:$L1503,ROW()-1),1,0), 1 ), YEARFRAC( B43 + IF(INDEX(Input!$K$7:$K1503,ROW()-1),0,1), C43 + IF(INDEX(Input!$L$7:$L1503,ROW()-1),1,0), 3 ) ) )} | S43: =IF( E43="", , IF( E43="Simple", L43, (1 + L43 / SWITCH(H43,"Monthly",12,"Quarterly",4,"Semi-annual",2,"Annual",1,1)) ^ SWITCH(H43,"Monthly",12,"Quarterly",4,"Semi-annual",2,"Annual",1,1) - 1 ) ) | T43: {=IF( B43="", , DATEDIF( B43 + IF(INDEX(Input!$K$7:$K1503,ROW()-1),0,1), C43 + IF(INDEX(Input!$L$7:$L1503,ROW()-1),1,0), "Y" ) )} | U43: {=IF( B43="", , (C43 + IF(INDEX(Input!$L$7:$L1503,ROW()-1),1,0)) - EDATE( B43 + IF(INDEX(Input!$K$7:$K1503,ROW()-1),0,1), 12*S43 ) )} | V43: =IF( D43="", , R43*365*366 - 365*D43 ) | W43: =IF( D43="", , D43 - V43 )
I44: 0 | J44: 0 | M44: =IF( E44="", , IF( E44="Simple", L44 * R44, LET( t, R44, m, SWITCH(H44,"Monthly",12,"Quarterly",4,"Semi-annual",2,"Annual",1,1), (1 + L44/m)^(m*t) - 1 ) ) ) | N44: =IF(A44="",,IF(ROW()=2, Input!$C$2 + I44, P43 + I44)) | O44: =IF(A44="",, IF(K44="Initial principal", Input!$C$2 * M44, N44 * M44 ) ) | P44: =IF(A44="",,N44 + O44 + J44) | Q44: =IF(A44="",,IF(ROW()=2,O44,Q43+O44)) | R44: {=IF( B44="", , SWITCH( Input!$C$4, "Actual/365 Fixed", YEARFRAC( B44 + IF(INDEX(Input!$K$7:$K1503,ROW()-1),0,1), C44 + IF(INDEX(Input!$L$7:$L1503,ROW()-1),1,0), 3 ), "Anniversary/365", DATEDIF( B44 + IF(INDEX(Input!$K$7:$K1503,ROW()-1),0,1), C44 + IF(INDEX(Input!$L$7:$L1503,ROW()-1),1,0), "Y" ) + ( (C44 + IF(INDEX(Input!$L$7:$L1503,ROW()-1),1,0)) - EDATE( B44 + IF(INDEX(Input!$K$7:$K1503,ROW()-1),0,1), 12*DATEDIF( B44 + IF(INDEX(Input!$K$7:$K1503,ROW()-1),0,1), C44 + IF(INDEX(Input!$L$7:$L1503,ROW()-1),1,0), "Y" ) ) ) / 365, "Actual/Actual", YEARFRAC( B44 + IF(INDEX(Input!$K$7:$K1503,ROW()-1),0,1), C44 + IF(INDEX(Input!$L$7:$L1503,ROW()-1),1,0), 1 ), YEARFRAC( B44 + IF(INDEX(Input!$K$7:$K1503,ROW()-1),0,1), C44 + IF(INDEX(Input!$L$7:$L1503,ROW()-1),1,0), 3 ) ) )} | S44: =IF( E44="", , IF( E44="Simple", L44, (1 + L44 / SWITCH(H44,"Monthly",12,"Quarterly",4,"Semi-annual",2,"Annual",1,1)) ^ SWITCH(H44,"Monthly",12,"Quarterly",4,"Semi-annual",2,"Annual",1,1) - 1 ) ) | T44: {=IF( B44="", , DATEDIF( B44 + IF(INDEX(Input!$K$7:$K1503,ROW()-1),0,1), C44 + IF(INDEX(Input!$L$7:$L1503,ROW()-1),1,0), "Y" ) )} | U44: {=IF( B44="", , (C44 + IF(INDEX(Input!$L$7:$L1503,ROW()-1),1,0)) - EDATE( B44 + IF(INDEX(Input!$K$7:$K1503,ROW()-1),0,1), 12*S44 ) )} | V44: =IF( D44="", , R44*365*366 - 365*D44 ) | W44: =IF( D44="", , D44 - V44 )
I45: 0 | J45: 0 | M45: =IF( E45="", , IF( E45="Simple", L45 * R45, LET( t, R45, m, SWITCH(H45,"Monthly",12,"Quarterly",4,"Semi-annual",2,"Annual",1,1), (1 + L45/m)^(m*t) - 1 ) ) ) | N45: =IF(A45="",,IF(ROW()=2, Input!$C$2 + I45, P44 + I45)) | O45: =IF(A45="",, IF(K45="Initial principal", Input!$C$2 * M45, N45 * M45 ) ) | P45: =IF(A45="",,N45 + O45 + J45) | Q45: =IF(A45="",,IF(ROW()=2,O45,Q44+O45)) | R45: {=IF( B45="", , SWITCH( Input!$C$4, "Actual/365 Fixed", YEARFRAC( B45 + IF(INDEX(Input!$K$7:$K1503,ROW()-1),0,1), C45 + IF(INDEX(Input!$L$7:$L1503,ROW()-1),1,0), 3 ), "Anniversary/365", DATEDIF( B45 + IF(INDEX(Input!$K$7:$K1503,ROW()-1),0,1), C45 + IF(INDEX(Input!$L$7:$L1503,ROW()-1),1,0), "Y" ) + ( (C45 + IF(INDEX(Input!$L$7:$L1503,ROW()-1),1,0)) - EDATE( B45 + IF(INDEX(Input!$K$7:$K1503,ROW()-1),0,1), 12*DATEDIF( B45 + IF(INDEX(Input!$K$7:$K1503,ROW()-1),0,1), C45 + IF(INDEX(Input!$L$7:$L1503,ROW()-1),1,0), "Y" ) ) ) / 365, "Actual/Actual", YEARFRAC( B45 + IF(INDEX(Input!$K$7:$K1503,ROW()-1),0,1), C45 + IF(INDEX(Input!$L$7:$L1503,ROW()-1),1,0), 1 ), YEARFRAC( B45 + IF(INDEX(Input!$K$7:$K1503,ROW()-1),0,1), C45 + IF(INDEX(Input!$L$7:$L1503,ROW()-1),1,0), 3 ) ) )} | S45: =IF( E45="", , IF( E45="Simple", L45, (1 + L45 / SWITCH(H45,"Monthly",12,"Quarterly",4,"Semi-annual",2,"Annual",1,1)) ^ SWITCH(H45,"Monthly",12,"Quarterly",4,"Semi-annual",2,"Annual",1,1) - 1 ) ) | T45: {=IF( B45="", , DATEDIF( B45 + IF(INDEX(Input!$K$7:$K1503,ROW()-1),0,1), C45 + IF(INDEX(Input!$L$7:$L1503,ROW()-1),1,0), "Y" ) )} | U45: {=IF( B45="", , (C45 + IF(INDEX(Input!$L$7:$L1503,ROW()-1),1,0)) - EDATE( B45 + IF(INDEX(Input!$K$7:$K1503,ROW()-1),0,1), 12*S45 ) )} | V45: =IF( D45="", , R45*365*366 - 365*D45 ) | W45: =IF( D45="", , D45 - V45 )
I46: 0 | J46: 0 | M46: =IF( E46="", , IF( E46="Simple", L46 * R46, LET( t, R46, m, SWITCH(H46,"Monthly",12,"Quarterly",4,"Semi-annual",2,"Annual",1,1), (1 + L46/m)^(m*t) - 1 ) ) ) | N46: =IF(A46="",,IF(ROW()=2, Input!$C$2 + I46, P45 + I46)) | O46: =IF(A46="",, IF(K46="Initial principal", Input!$C$2 * M46, N46 * M46 ) ) | P46: =IF(A46="",,N46 + O46 + J46) | Q46: =IF(A46="",,IF(ROW()=2,O46,Q45+O46)) | R46: {=IF( B46="", , SWITCH( Input!$C$4, "Actual/365 Fixed", YEARFRAC( B46 + IF(INDEX(Input!$K$7:$K1503,ROW()-1),0,1), C46 + IF(INDEX(Input!$L$7:$L1503,ROW()-1),1,0), 3 ), "Anniversary/365", DATEDIF( B46 + IF(INDEX(Input!$K$7:$K1503,ROW()-1),0,1), C46 + IF(INDEX(Input!$L$7:$L1503,ROW()-1),1,0), "Y" ) + ( (C46 + IF(INDEX(Input!$L$7:$L1503,ROW()-1),1,0)) - EDATE( B46 + IF(INDEX(Input!$K$7:$K1503,ROW()-1),0,1), 12*DATEDIF( B46 + IF(INDEX(Input!$K$7:$K1503,ROW()-1),0,1), C46 + IF(INDEX(Input!$L$7:$L1503,ROW()-1),1,0), "Y" ) ) ) / 365, "Actual/Actual", YEARFRAC( B46 + IF(INDEX(Input!$K$7:$K1503,ROW()-1),0,1), C46 + IF(INDEX(Input!$L$7:$L1503,ROW()-1),1,0), 1 ), YEARFRAC( B46 + IF(INDEX(Input!$K$7:$K1503,ROW()-1),0,1), C46 + IF(INDEX(Input!$L$7:$L1503,ROW()-1),1,0), 3 ) ) )} | S46: =IF( E46="", , IF( E46="Simple", L46, (1 + L46 / SWITCH(H46,"Monthly",12,"Quarterly",4,"Semi-annual",2,"Annual",1,1)) ^ SWITCH(H46,"Monthly",12,"Quarterly",4,"Semi-annual",2,"Annual",1,1) - 1 ) ) | T46: {=IF( B46="", , DATEDIF( B46 + IF(INDEX(Input!$K$7:$K1503,ROW()-1),0,1), C46 + IF(INDEX(Input!$L$7:$L1503,ROW()-1),1,0), "Y" ) )} | U46: {=IF( B46="", , (C46 + IF(INDEX(Input!$L$7:$L1503,ROW()-1),1,0)) - EDATE( B46 + IF(INDEX(Input!$K$7:$K1503,ROW()-1),0,1), 12*S46 ) )} | V46: =IF( D46="", , R46*365*366 - 365*D46 ) | W46: =IF( D46="", , D46 - V46 )
I47: 0 | J47: 0 | M47: =IF( E47="", , IF( E47="Simple", L47 * R47, LET( t, R47, m, SWITCH(H47,"Monthly",12,"Quarterly",4,"Semi-annual",2,"Annual",1,1), (1 + L47/m)^(m*t) - 1 ) ) ) | N47: =IF(A47="",,IF(ROW()=2, Input!$C$2 + I47, P46 + I47)) | O47: =IF(A47="",, IF(K47="Initial principal", Input!$C$2 * M47, N47 * M47 ) ) | P47: =IF(A47="",,N47 + O47 + J47) | Q47: =IF(A47="",,IF(ROW()=2,O47,Q46+O47)) | R47: {=IF( B47="", , SWITCH( Input!$C$4, "Actual/365 Fixed", YEARFRAC( B47 + IF(INDEX(Input!$K$7:$K1503,ROW()-1),0,1), C47 + IF(INDEX(Input!$L$7:$L1503,ROW()-1),1,0), 3 ), "Anniversary/365", DATEDIF( B47 + IF(INDEX(Input!$K$7:$K1503,ROW()-1),0,1), C47 + IF(INDEX(Input!$L$7:$L1503,ROW()-1),1,0), "Y" ) + ( (C47 + IF(INDEX(Input!$L$7:$L1503,ROW()-1),1,0)) - EDATE( B47 + IF(INDEX(Input!$K$7:$K1503,ROW()-1),0,1), 12*DATEDIF( B47 + IF(INDEX(Input!$K$7:$K1503,ROW()-1),0,1), C47 + IF(INDEX(Input!$L$7:$L1503,ROW()-1),1,0), "Y" ) ) ) / 365, "Actual/Actual", YEARFRAC( B47 + IF(INDEX(Input!$K$7:$K1503,ROW()-1),0,1), C47 + IF(INDEX(Input!$L$7:$L1503,ROW()-1),1,0), 1 ), YEARFRAC( B47 + IF(INDEX(Input!$K$7:$K1503,ROW()-1),0,1), C47 + IF(INDEX(Input!$L$7:$L1503,ROW()-1),1,0), 3 ) ) )} | S47: =IF( E47="", , IF( E47="Simple", L47, (1 + L47 / SWITCH(H47,"Monthly",12,"Quarterly",4,"Semi-annual",2,"Annual",1,1)) ^ SWITCH(H47,"Monthly",12,"Quarterly",4,"Semi-annual",2,"Annual",1,1) - 1 ) ) | T47: {=IF( B47="", , DATEDIF( B47 + IF(INDEX(Input!$K$7:$K1503,ROW()-1),0,1), C47 + IF(INDEX(Input!$L$7:$L1503,ROW()-1),1,0), "Y" ) )} | U47: {=IF( B47="", , (C47 + IF(INDEX(Input!$L$7:$L1503,ROW()-1),1,0)) - EDATE( B47 + IF(INDEX(Input!$K$7:$K1503,ROW()-1),0,1), 12*S47 ) )} | V47: =IF( D47="", , R47*365*366 - 365*D47 ) | W47: =IF( D47="", , D47 - V47 )
I48: 0 | J48: 0 | M48: =IF( E48="", , IF( E48="Simple", L48 * R48, LET( t, R48, m, SWITCH(H48,"Monthly",12,"Quarterly",4,"Semi-annual",2,"Annual",1,1), (1 + L48/m)^(m*t) - 1 ) ) ) | N48: =IF(A48="",,IF(ROW()=2, Input!$C$2 + I48, P47 + I48)) | O48: =IF(A48="",, IF(K48="Initial principal", Input!$C$2 * M48, N48 * M48 ) ) | P48: =IF(A48="",,N48 + O48 + J48) | Q48: =IF(A48="",,IF(ROW()=2,O48,Q47+O48)) | R48: {=IF( B48="", , SWITCH( Input!$C$4, "Actual/365 Fixed", YEARFRAC( B48 + IF(INDEX(Input!$K$7:$K1503,ROW()-1),0,1), C48 + IF(INDEX(Input!$L$7:$L1503,ROW()-1),1,0), 3 ), "Anniversary/365", DATEDIF( B48 + IF(INDEX(Input!$K$7:$K1503,ROW()-1),0,1), C48 + IF(INDEX(Input!$L$7:$L1503,ROW()-1),1,0), "Y" ) + ( (C48 + IF(INDEX(Input!$L$7:$L1503,ROW()-1),1,0)) - EDATE( B48 + IF(INDEX(Input!$K$7:$K1503,ROW()-1),0,1), 12*DATEDIF( B48 + IF(INDEX(Input!$K$7:$K1503,ROW()-1),0,1), C48 + IF(INDEX(Input!$L$7:$L1503,ROW()-1),1,0), "Y" ) ) ) / 365, "Actual/Actual", YEARFRAC( B48 + IF(INDEX(Input!$K$7:$K1503,ROW()-1),0,1), C48 + IF(INDEX(Input!$L$7:$L1503,ROW()-1),1,0), 1 ), YEARFRAC( B48 + IF(INDEX(Input!$K$7:$K1503,ROW()-1),0,1), C48 + IF(INDEX(Input!$L$7:$L1503,ROW()-1),1,0), 3 ) ) )} | S48: =IF( E48="", , IF( E48="Simple", L48, (1 + L48 / SWITCH(H48,"Monthly",12,"Quarterly",4,"Semi-annual",2,"Annual",1,1)) ^ SWITCH(H48,"Monthly",12,"Quarterly",4,"Semi-annual",2,"Annual",1,1) - 1 ) ) | T48: {=IF( B48="", , DATEDIF( B48 + IF(INDEX(Input!$K$7:$K1503,ROW()-1),0,1), C48 + IF(INDEX(Input!$L$7:$L1503,ROW()-1),1,0), "Y" ) )} | U48: {=IF( B48="", , (C48 + IF(INDEX(Input!$L$7:$L1503,ROW()-1),1,0)) - EDATE( B48 + IF(INDEX(Input!$K$7:$K1503,ROW()-1),0,1), 12*S48 ) )} | V48: =IF( D48="", , R48*365*366 - 365*D48 ) | W48: =IF( D48="", , D48 - V48 )
I49: 0 | J49: 0 | M49: =IF( E49="", , IF( E49="Simple", L49 * R49, LET( t, R49, m, SWITCH(H49,"Monthly",12,"Quarterly",4,"Semi-annual",2,"Annual",1,1), (1 + L49/m)^(m*t) - 1 ) ) ) | N49: =IF(A49="",,IF(ROW()=2, Input!$C$2 + I49, P48 + I49)) | O49: =IF(A49="",, IF(K49="Initial principal", Input!$C$2 * M49, N49 * M49 ) ) | P49: =IF(A49="",,N49 + O49 + J49) | Q49: =IF(A49="",,IF(ROW()=2,O49,Q48+O49)) | R49: {=IF( B49="", , SWITCH( Input!$C$4, "Actual/365 Fixed", YEARFRAC( B49 + IF(INDEX(Input!$K$7:$K1503,ROW()-1),0,1), C49 + IF(INDEX(Input!$L$7:$L1503,ROW()-1),1,0), 3 ), "Anniversary/365", DATEDIF( B49 + IF(INDEX(Input!$K$7:$K1503,ROW()-1),0,1), C49 + IF(INDEX(Input!$L$7:$L1503,ROW()-1),1,0), "Y" ) + ( (C49 + IF(INDEX(Input!$L$7:$L1503,ROW()-1),1,0)) - EDATE( B49 + IF(INDEX(Input!$K$7:$K1503,ROW()-1),0,1), 12*DATEDIF( B49 + IF(INDEX(Input!$K$7:$K1503,ROW()-1),0,1), C49 + IF(INDEX(Input!$L$7:$L1503,ROW()-1),1,0), "Y" ) ) ) / 365, "Actual/Actual", YEARFRAC( B49 + IF(INDEX(Input!$K$7:$K1503,ROW()-1),0,1), C49 + IF(INDEX(Input!$L$7:$L1503,ROW()-1),1,0), 1 ), YEARFRAC( B49 + IF(INDEX(Input!$K$7:$K1503,ROW()-1),0,1), C49 + IF(INDEX(Input!$L$7:$L1503,ROW()-1),1,0), 3 ) ) )} | S49: =IF( E49="", , IF( E49="Simple", L49, (1 + L49 / SWITCH(H49,"Monthly",12,"Quarterly",4,"Semi-annual",2,"Annual",1,1)) ^ SWITCH(H49,"Monthly",12,"Quarterly",4,"Semi-annual",2,"Annual",1,1) - 1 ) ) | T49: {=IF( B49="", , DATEDIF( B49 + IF(INDEX(Input!$K$7:$K1503,ROW()-1),0,1), C49 + IF(INDEX(Input!$L$7:$L1503,ROW()-1),1,0), "Y" ) )} | U49: {=IF( B49="", , (C49 + IF(INDEX(Input!$L$7:$L1503,ROW()-1),1,0)) - EDATE( B49 + IF(INDEX(Input!$K$7:$K1503,ROW()-1),0,1), 12*S49 ) )} | V49: =IF( D49="", , R49*365*366 - 365*D49 ) | W49: =IF( D49="", , D49 - V49 )
I50: 0 | J50: 0 | M50: =IF( E50="", , IF( E50="Simple", L50 * R50, LET( t, R50, m, SWITCH(H50,"Monthly",12,"Quarterly",4,"Semi-annual",2,"Annual",1,1), (1 + L50/m)^(m*t) - 1 ) ) ) | N50: =IF(A50="",,IF(ROW()=2, Input!$C$2 + I50, P49 + I50)) | O50: =IF(A50="",, IF(K50="Initial principal", Input!$C$2 * M50, N50 * M50 ) ) | P50: =IF(A50="",,N50 + O50 + J50) | Q50: =IF(A50="",,IF(ROW()=2,O50,Q49+O50)) | R50: {=IF( B50="", , SWITCH( Input!$C$4, "Actual/365 Fixed", YEARFRAC( B50 + IF(INDEX(Input!$K$7:$K1503,ROW()-1),0,1), C50 + IF(INDEX(Input!$L$7:$L1503,ROW()-1),1,0), 3 ), "Anniversary/365", DATEDIF( B50 + IF(INDEX(Input!$K$7:$K1503,ROW()-1),0,1), C50 + IF(INDEX(Input!$L$7:$L1503,ROW()-1),1,0), "Y" ) + ( (C50 + IF(INDEX(Input!$L$7:$L1503,ROW()-1),1,0)) - EDATE( B50 + IF(INDEX(Input!$K$7:$K1503,ROW()-1),0,1), 12*DATEDIF( B50 + IF(INDEX(Input!$K$7:$K1503,ROW()-1),0,1), C50 + IF(INDEX(Input!$L$7:$L1503,ROW()-1),1,0), "Y" ) ) ) / 365, "Actual/Actual", YEARFRAC( B50 + IF(INDEX(Input!$K$7:$K1503,ROW()-1),0,1), C50 + IF(INDEX(Input!$L$7:$L1503,ROW()-1),1,0), 1 ), YEARFRAC( B50 + IF(INDEX(Input!$K$7:$K1503,ROW()-1),0,1), C50 + IF(INDEX(Input!$L$7:$L1503,ROW()-1),1,0), 3 ) ) )} | S50: =IF( E50="", , IF( E50="Simple", L50, (1 + L50 / SWITCH(H50,"Monthly",12,"Quarterly",4,"Semi-annual",2,"Annual",1,1)) ^ SWITCH(H50,"Monthly",12,"Quarterly",4,"Semi-annual",2,"Annual",1,1) - 1 ) ) | T50: {=IF( B50="", , DATEDIF( B50 + IF(INDEX(Input!$K$7:$K1503,ROW()-1),0,1), C50 + IF(INDEX(Input!$L$7:$L1503,ROW()-1),1,0), "Y" ) )} | U50: {=IF( B50="", , (C50 + IF(INDEX(Input!$L$7:$L1503,ROW()-1),1,0)) - EDATE( B50 + IF(INDEX(Input!$K$7:$K1503,ROW()-1),0,1), 12*S50 ) )} | V50: =IF( D50="", , R50*365*366 - 365*D50 ) | W50: =IF( D50="", , D50 - V50 )
I51: 0 | J51: 0 | M51: =IF( E51="", , IF( E51="Simple", L51 * R51, LET( t, R51, m, SWITCH(H51,"Monthly",12,"Quarterly",4,"Semi-annual",2,"Annual",1,1), (1 + L51/m)^(m*t) - 1 ) ) ) | N51: =IF(A51="",,IF(ROW()=2, Input!$C$2 + I51, P50 + I51)) | O51: =IF(A51="",, IF(K51="Initial principal", Input!$C$2 * M51, N51 * M51 ) ) | P51: =IF(A51="",,N51 + O51 + J51) | Q51: =IF(A51="",,IF(ROW()=2,O51,Q50+O51)) | R51: {=IF( B51="", , SWITCH( Input!$C$4, "Actual/365 Fixed", YEARFRAC( B51 + IF(INDEX(Input!$K$7:$K1503,ROW()-1),0,1), C51 + IF(INDEX(Input!$L$7:$L1503,ROW()-1),1,0), 3 ), "Anniversary/365", DATEDIF( B51 + IF(INDEX(Input!$K$7:$K1503,ROW()-1),0,1), C51 + IF(INDEX(Input!$L$7:$L1503,ROW()-1),1,0), "Y" ) + ( (C51 + IF(INDEX(Input!$L$7:$L1503,ROW()-1),1,0)) - EDATE( B51 + IF(INDEX(Input!$K$7:$K1503,ROW()-1),0,1), 12*DATEDIF( B51 + IF(INDEX(Input!$K$7:$K1503,ROW()-1),0,1), C51 + IF(INDEX(Input!$L$7:$L1503,ROW()-1),1,0), "Y" ) ) ) / 365, "Actual/Actual", YEARFRAC( B51 + IF(INDEX(Input!$K$7:$K1503,ROW()-1),0,1), C51 + IF(INDEX(Input!$L$7:$L1503,ROW()-1),1,0), 1 ), YEARFRAC( B51 + IF(INDEX(Input!$K$7:$K1503,ROW()-1),0,1), C51 + IF(INDEX(Input!$L$7:$L1503,ROW()-1),1,0), 3 ) ) )} | S51: =IF( E51="", , IF( E51="Simple", L51, (1 + L51 / SWITCH(H51,"Monthly",12,"Quarterly",4,"Semi-annual",2,"Annual",1,1)) ^ SWITCH(H51,"Monthly",12,"Quarterly",4,"Semi-annual",2,"Annual",1,1) - 1 ) ) | T51: {=IF( B51="", , DATEDIF( B51 + IF(INDEX(Input!$K$7:$K1503,ROW()-1),0,1), C51 + IF(INDEX(Input!$L$7:$L1503,ROW()-1),1,0), "Y" ) )} | U51: {=IF( B51="", , (C51 + IF(INDEX(Input!$L$7:$L1503,ROW()-1),1,0)) - EDATE( B51 + IF(INDEX(Input!$K$7:$K1503,ROW()-1),0,1), 12*S51 ) )} | V51: =IF( D51="", , R51*365*366 - 365*D51 ) | W51: =IF( D51="", , D51 - V51 )
I52: 0 | J52: 0 | M52: =IF( E52="", , IF( E52="Simple", L52 * R52, LET( t, R52, m, SWITCH(H52,"Monthly",12,"Quarterly",4,"Semi-annual",2,"Annual",1,1), (1 + L52/m)^(m*t) - 1 ) ) ) | N52: =IF(A52="",,IF(ROW()=2, Input!$C$2 + I52, P51 + I52)) | O52: =IF(A52="",, IF(K52="Initial principal", Input!$C$2 * M52, N52 * M52 ) ) | P52: =IF(A52="",,N52 + O52 + J52) | Q52: =IF(A52="",,IF(ROW()=2,O52,Q51+O52)) | R52: {=IF( B52="", , SWITCH( Input!$C$4, "Actual/365 Fixed", YEARFRAC( B52 + IF(INDEX(Input!$K$7:$K1503,ROW()-1),0,1), C52 + IF(INDEX(Input!$L$7:$L1503,ROW()-1),1,0), 3 ), "Anniversary/365", DATEDIF( B52 + IF(INDEX(Input!$K$7:$K1503,ROW()-1),0,1), C52 + IF(INDEX(Input!$L$7:$L1503,ROW()-1),1,0), "Y" ) + ( (C52 + IF(INDEX(Input!$L$7:$L1503,ROW()-1),1,0)) - EDATE( B52 + IF(INDEX(Input!$K$7:$K1503,ROW()-1),0,1), 12*DATEDIF( B52 + IF(INDEX(Input!$K$7:$K1503,ROW()-1),0,1), C52 + IF(INDEX(Input!$L$7:$L1503,ROW()-1),1,0), "Y" ) ) ) / 365, "Actual/Actual", YEARFRAC( B52 + IF(INDEX(Input!$K$7:$K1503,ROW()-1),0,1), C52 + IF(INDEX(Input!$L$7:$L1503,ROW()-1),1,0), 1 ), YEARFRAC( B52 + IF(INDEX(Input!$K$7:$K1503,ROW()-1),0,1), C52 + IF(INDEX(Input!$L$7:$L1503,ROW()-1),1,0), 3 ) ) )} | S52: =IF( E52="", , IF( E52="Simple", L52, (1 + L52 / SWITCH(H52,"Monthly",12,"Quarterly",4,"Semi-annual",2,"Annual",1,1)) ^ SWITCH(H52,"Monthly",12,"Quarterly",4,"Semi-annual",2,"Annual",1,1) - 1 ) ) | T52: {=IF( B52="", , DATEDIF( B52 + IF(INDEX(Input!$K$7:$K1503,ROW()-1),0,1), C52 + IF(INDEX(Input!$L$7:$L1503,ROW()-1),1,0), "Y" ) )} | U52: {=IF( B52="", , (C52 + IF(INDEX(Input!$L$7:$L1503,ROW()-1),1,0)) - EDATE( B52 + IF(INDEX(Input!$K$7:$K1503,ROW()-1),0,1), 12*S52 ) )} | V52: =IF( D52="", , R52*365*366 - 365*D52 ) | W52: =IF( D52="", , D52 - V52 )
I53: 0 | J53: 0 | M53: =IF( E53="", , IF( E53="Simple", L53 * R53, LET( t, R53, m, SWITCH(H53,"Monthly",12,"Quarterly",4,"Semi-annual",2,"Annual",1,1), (1 + L53/m)^(m*t) - 1 ) ) ) | N53: =IF(A53="",,IF(ROW()=2, Input!$C$2 + I53, P52 + I53)) | O53: =IF(A53="",, IF(K53="Initial principal", Input!$C$2 * M53, N53 * M53 ) ) | P53: =IF(A53="",,N53 + O53 + J53) | Q53: =IF(A53="",,IF(ROW()=2,O53,Q52+O53)) | R53: {=IF( B53="", , SWITCH( Input!$C$4, "Actual/365 Fixed", YEARFRAC( B53 + IF(INDEX(Input!$K$7:$K1503,ROW()-1),0,1), C53 + IF(INDEX(Input!$L$7:$L1503,ROW()-1),1,0), 3 ), "Anniversary/365", DATEDIF( B53 + IF(INDEX(Input!$K$7:$K1503,ROW()-1),0,1), C53 + IF(INDEX(Input!$L$7:$L1503,ROW()-1),1,0), "Y" ) + ( (C53 + IF(INDEX(Input!$L$7:$L1503,ROW()-1),1,0)) - EDATE( B53 + IF(INDEX(Input!$K$7:$K1503,ROW()-1),0,1), 12*DATEDIF( B53 + IF(INDEX(Input!$K$7:$K1503,ROW()-1),0,1), C53 + IF(INDEX(Input!$L$7:$L1503,ROW()-1),1,0), "Y" ) ) ) / 365, "Actual/Actual", YEARFRAC( B53 + IF(INDEX(Input!$K$7:$K1503,ROW()-1),0,1), C53 + IF(INDEX(Input!$L$7:$L1503,ROW()-1),1,0), 1 ), YEARFRAC( B53 + IF(INDEX(Input!$K$7:$K1503,ROW()-1),0,1), C53 + IF(INDEX(Input!$L$7:$L1503,ROW()-1),1,0), 3 ) ) )} | S53: =IF( E53="", , IF( E53="Simple", L53, (1 + L53 / SWITCH(H53,"Monthly",12,"Quarterly",4,"Semi-annual",2,"Annual",1,1)) ^ SWITCH(H53,"Monthly",12,"Quarterly",4,"Semi-annual",2,"Annual",1,1) - 1 ) ) | T53: {=IF( B53="", , DATEDIF( B53 + IF(INDEX(Input!$K$7:$K1503,ROW()-1),0,1), C53 + IF(INDEX(Input!$L$7:$L1503,ROW()-1),1,0), "Y" ) )} | U53: {=IF( B53="", , (C53 + IF(INDEX(Input!$L$7:$L1503,ROW()-1),1,0)) - EDATE( B53 + IF(INDEX(Input!$K$7:$K1503,ROW()-1),0,1), 12*S53 ) )} | V53: =IF( D53="", , R53*365*366 - 365*D53 ) | W53: =IF( D53="", , D53 - V53 )
I54: 0 | J54: 0 | M54: =IF( E54="", , IF( E54="Simple", L54 * R54, LET( t, R54, m, SWITCH(H54,"Monthly",12,"Quarterly",4,"Semi-annual",2,"Annual",1,1), (1 + L54/m)^(m*t) - 1 ) ) ) | N54: =IF(A54="",,IF(ROW()=2, Input!$C$2 + I54, P53 + I54)) | O54: =IF(A54="",, IF(K54="Initial principal", Input!$C$2 * M54, N54 * M54 ) ) | P54: =IF(A54="",,N54 + O54 + J54) | Q54: =IF(A54="",,IF(ROW()=2,O54,Q53+O54)) | R54: {=IF( B54="", , SWITCH( Input!$C$4, "Actual/365 Fixed", YEARFRAC( B54 + IF(INDEX(Input!$K$7:$K1503,ROW()-1),0,1), C54 + IF(INDEX(Input!$L$7:$L1503,ROW()-1),1,0), 3 ), "Anniversary/365", DATEDIF( B54 + IF(INDEX(Input!$K$7:$K1503,ROW()-1),0,1), C54 + IF(INDEX(Input!$L$7:$L1503,ROW()-1),1,0), "Y" ) + ( (C54 + IF(INDEX(Input!$L$7:$L1503,ROW()-1),1,0)) - EDATE( B54 + IF(INDEX(Input!$K$7:$K1503,ROW()-1),0,1), 12*DATEDIF( B54 + IF(INDEX(Input!$K$7:$K1503,ROW()-1),0,1), C54 + IF(INDEX(Input!$L$7:$L1503,ROW()-1),1,0), "Y" ) ) ) / 365, "Actual/Actual", YEARFRAC( B54 + IF(INDEX(Input!$K$7:$K1503,ROW()-1),0,1), C54 + IF(INDEX(Input!$L$7:$L1503,ROW()-1),1,0), 1 ), YEARFRAC( B54 + IF(INDEX(Input!$K$7:$K1503,ROW()-1),0,1), C54 + IF(INDEX(Input!$L$7:$L1503,ROW()-1),1,0), 3 ) ) )} | S54: =IF( E54="", , IF( E54="Simple", L54, (1 + L54 / SWITCH(H54,"Monthly",12,"Quarterly",4,"Semi-annual",2,"Annual",1,1)) ^ SWITCH(H54,"Monthly",12,"Quarterly",4,"Semi-annual",2,"Annual",1,1) - 1 ) ) | T54: {=IF( B54="", , DATEDIF( B54 + IF(INDEX(Input!$K$7:$K1503,ROW()-1),0,1), C54 + IF(INDEX(Input!$L$7:$L1503,ROW()-1),1,0), "Y" ) )} | U54: {=IF( B54="", , (C54 + IF(INDEX(Input!$L$7:$L1503,ROW()-1),1,0)) - EDATE( B54 + IF(INDEX(Input!$K$7:$K1503,ROW()-1),0,1), 12*S54 ) )} | V54: =IF( D54="", , R54*365*366 - 365*D54 ) | W54: =IF( D54="", , D54 - V54 )
I55: 0 | J55: 0 | M55: =IF( E55="", , IF( E55="Simple", L55 * R55, LET( t, R55, m, SWITCH(H55,"Monthly",12,"Quarterly",4,"Semi-annual",2,"Annual",1,1), (1 + L55/m)^(m*t) - 1 ) ) ) | N55: =IF(A55="",,IF(ROW()=2, Input!$C$2 + I55, P54 + I55)) | O55: =IF(A55="",, IF(K55="Initial principal", Input!$C$2 * M55, N55 * M55 ) ) | P55: =IF(A55="",,N55 + O55 + J55) | Q55: =IF(A55="",,IF(ROW()=2,O55,Q54+O55)) | R55: {=IF( B55="", , SWITCH( Input!$C$4, "Actual/365 Fixed", YEARFRAC( B55 + IF(INDEX(Input!$K$7:$K1503,ROW()-1),0,1), C55 + IF(INDEX(Input!$L$7:$L1503,ROW()-1),1,0), 3 ), "Anniversary/365", DATEDIF( B55 + IF(INDEX(Input!$K$7:$K1503,ROW()-1),0,1), C55 + IF(INDEX(Input!$L$7:$L1503,ROW()-1),1,0), "Y" ) + ( (C55 + IF(INDEX(Input!$L$7:$L1503,ROW()-1),1,0)) - EDATE( B55 + IF(INDEX(Input!$K$7:$K1503,ROW()-1),0,1), 12*DATEDIF( B55 + IF(INDEX(Input!$K$7:$K1503,ROW()-1),0,1), C55 + IF(INDEX(Input!$L$7:$L1503,ROW()-1),1,0), "Y" ) ) ) / 365, "Actual/Actual", YEARFRAC( B55 + IF(INDEX(Input!$K$7:$K1503,ROW()-1),0,1), C55 + IF(INDEX(Input!$L$7:$L1503,ROW()-1),1,0), 1 ), YEARFRAC( B55 + IF(INDEX(Input!$K$7:$K1503,ROW()-1),0,1), C55 + IF(INDEX(Input!$L$7:$L1503,ROW()-1),1,0), 3 ) ) )} | S55: =IF( E55="", , IF( E55="Simple", L55, (1 + L55 / SWITCH(H55,"Monthly",12,"Quarterly",4,"Semi-annual",2,"Annual",1,1)) ^ SWITCH(H55,"Monthly",12,"Quarterly",4,"Semi-annual",2,"Annual",1,1) - 1 ) ) | T55: {=IF( B55="", , DATEDIF( B55 + IF(INDEX(Input!$K$7:$K1503,ROW()-1),0,1), C55 + IF(INDEX(Input!$L$7:$L1503,ROW()-1),1,0), "Y" ) )} | U55: {=IF( B55="", , (C55 + IF(INDEX(Input!$L$7:$L1503,ROW()-1),1,0)) - EDATE( B55 + IF(INDEX(Input!$K$7:$K1503,ROW()-1),0,1), 12*S55 ) )} | V55: =IF( D55="", , R55*365*366 - 365*D55 ) | W55: =IF( D55="", , D55 - V55 )
I56: 0 | J56: 0 | M56: =IF( E56="", , IF( E56="Simple", L56 * R56, LET( t, R56, m, SWITCH(H56,"Monthly",12,"Quarterly",4,"Semi-annual",2,"Annual",1,1), (1 + L56/m)^(m*t) - 1 ) ) ) | N56: =IF(A56="",,IF(ROW()=2, Input!$C$2 + I56, P55 + I56)) | O56: =IF(A56="",, IF(K56="Initial principal", Input!$C$2 * M56, N56 * M56 ) ) | P56: =IF(A56="",,N56 + O56 + J56) | Q56: =IF(A56="",,IF(ROW()=2,O56,Q55+O56)) | R56: {=IF( B56="", , SWITCH( Input!$C$4, "Actual/365 Fixed", YEARFRAC( B56 + IF(INDEX(Input!$K$7:$K1503,ROW()-1),0,1), C56 + IF(INDEX(Input!$L$7:$L1503,ROW()-1),1,0), 3 ), "Anniversary/365", DATEDIF( B56 + IF(INDEX(Input!$K$7:$K1503,ROW()-1),0,1), C56 + IF(INDEX(Input!$L$7:$L1503,ROW()-1),1,0), "Y" ) + ( (C56 + IF(INDEX(Input!$L$7:$L1503,ROW()-1),1,0)) - EDATE( B56 + IF(INDEX(Input!$K$7:$K1503,ROW()-1),0,1), 12*DATEDIF( B56 + IF(INDEX(Input!$K$7:$K1503,ROW()-1),0,1), C56 + IF(INDEX(Input!$L$7:$L1503,ROW()-1),1,0), "Y" ) ) ) / 365, "Actual/Actual", YEARFRAC( B56 + IF(INDEX(Input!$K$7:$K1503,ROW()-1),0,1), C56 + IF(INDEX(Input!$L$7:$L1503,ROW()-1),1,0), 1 ), YEARFRAC( B56 + IF(INDEX(Input!$K$7:$K1503,ROW()-1),0,1), C56 + IF(INDEX(Input!$L$7:$L1503,ROW()-1),1,0), 3 ) ) )} | S56: =IF( E56="", , IF( E56="Simple", L56, (1 + L56 / SWITCH(H56,"Monthly",12,"Quarterly",4,"Semi-annual",2,"Annual",1,1)) ^ SWITCH(H56,"Monthly",12,"Quarterly",4,"Semi-annual",2,"Annual",1,1) - 1 ) ) | T56: {=IF( B56="", , DATEDIF( B56 + IF(INDEX(Input!$K$7:$K1503,ROW()-1),0,1), C56 + IF(INDEX(Input!$L$7:$L1503,ROW()-1),1,0), "Y" ) )} | U56: {=IF( B56="", , (C56 + IF(INDEX(Input!$L$7:$L1503,ROW()-1),1,0)) - EDATE( B56 + IF(INDEX(Input!$K$7:$K1503,ROW()-1),0,1), 12*S56 ) )} | V56: =IF( D56="", , R56*365*366 - 365*D56 ) | W56: =IF( D56="", , D56 - V56 )
I57: 0 | J57: 0 | M57: =IF( E57="", , IF( E57="Simple", L57 * R57, LET( t, R57, m, SWITCH(H57,"Monthly",12,"Quarterly",4,"Semi-annual",2,"Annual",1,1), (1 + L57/m)^(m*t) - 1 ) ) ) | N57: =IF(A57="",,IF(ROW()=2, Input!$C$2 + I57, P56 + I57)) | O57: =IF(A57="",, IF(K57="Initial principal", Input!$C$2 * M57, N57 * M57 ) ) | P57: =IF(A57="",,N57 + O57 + J57) | Q57: =IF(A57="",,IF(ROW()=2,O57,Q56+O57)) | R57: {=IF( B57="", , SWITCH( Input!$C$4, "Actual/365 Fixed", YEARFRAC( B57 + IF(INDEX(Input!$K$7:$K1503,ROW()-1),0,1), C57 + IF(INDEX(Input!$L$7:$L1503,ROW()-1),1,0), 3 ), "Anniversary/365", DATEDIF( B57 + IF(INDEX(Input!$K$7:$K1503,ROW()-1),0,1), C57 + IF(INDEX(Input!$L$7:$L1503,ROW()-1),1,0), "Y" ) + ( (C57 + IF(INDEX(Input!$L$7:$L1503,ROW()-1),1,0)) - EDATE( B57 + IF(INDEX(Input!$K$7:$K1503,ROW()-1),0,1), 12*DATEDIF( B57 + IF(INDEX(Input!$K$7:$K1503,ROW()-1),0,1), C57 + IF(INDEX(Input!$L$7:$L1503,ROW()-1),1,0), "Y" ) ) ) / 365, "Actual/Actual", YEARFRAC( B57 + IF(INDEX(Input!$K$7:$K1503,ROW()-1),0,1), C57 + IF(INDEX(Input!$L$7:$L1503,ROW()-1),1,0), 1 ), YEARFRAC( B57 + IF(INDEX(Input!$K$7:$K1503,ROW()-1),0,1), C57 + IF(INDEX(Input!$L$7:$L1503,ROW()-1),1,0), 3 ) ) )} | S57: =IF( E57="", , IF( E57="Simple", L57, (1 + L57 / SWITCH(H57,"Monthly",12,"Quarterly",4,"Semi-annual",2,"Annual",1,1)) ^ SWITCH(H57,"Monthly",12,"Quarterly",4,"Semi-annual",2,"Annual",1,1) - 1 ) ) | T57: {=IF( B57="", , DATEDIF( B57 + IF(INDEX(Input!$K$7:$K1503,ROW()-1),0,1), C57 + IF(INDEX(Input!$L$7:$L1503,ROW()-1),1,0), "Y" ) )} | U57: {=IF( B57="", , (C57 + IF(INDEX(Input!$L$7:$L1503,ROW()-1),1,0)) - EDATE( B57 + IF(INDEX(Input!$K$7:$K1503,ROW()-1),0,1), 12*S57 ) )} | V57: =IF( D57="", , R57*365*366 - 365*D57 ) | W57: =IF( D57="", , D57 - V57 )
I58: 0 | J58: 0 | M58: =IF( E58="", , IF( E58="Simple", L58 * R58, LET( t, R58, m, SWITCH(H58,"Monthly",12,"Quarterly",4,"Semi-annual",2,"Annual",1,1), (1 + L58/m)^(m*t) - 1 ) ) ) | N58: =IF(A58="",,IF(ROW()=2, Input!$C$2 + I58, P57 + I58)) | O58: =IF(A58="",, IF(K58="Initial principal", Input!$C$2 * M58, N58 * M58 ) ) | P58: =IF(A58="",,N58 + O58 + J58) | Q58: =IF(A58="",,IF(ROW()=2,O58,Q57+O58)) | R58: {=IF( B58="", , SWITCH( Input!$C$4, "Actual/365 Fixed", YEARFRAC( B58 + IF(INDEX(Input!$K$7:$K1503,ROW()-1),0,1), C58 + IF(INDEX(Input!$L$7:$L1503,ROW()-1),1,0), 3 ), "Anniversary/365", DATEDIF( B58 + IF(INDEX(Input!$K$7:$K1503,ROW()-1),0,1), C58 + IF(INDEX(Input!$L$7:$L1503,ROW()-1),1,0), "Y" ) + ( (C58 + IF(INDEX(Input!$L$7:$L1503,ROW()-1),1,0)) - EDATE( B58 + IF(INDEX(Input!$K$7:$K1503,ROW()-1),0,1), 12*DATEDIF( B58 + IF(INDEX(Input!$K$7:$K1503,ROW()-1),0,1), C58 + IF(INDEX(Input!$L$7:$L1503,ROW()-1),1,0), "Y" ) ) ) / 365, "Actual/Actual", YEARFRAC( B58 + IF(INDEX(Input!$K$7:$K1503,ROW()-1),0,1), C58 + IF(INDEX(Input!$L$7:$L1503,ROW()-1),1,0), 1 ), YEARFRAC( B58 + IF(INDEX(Input!$K$7:$K1503,ROW()-1),0,1), C58 + IF(INDEX(Input!$L$7:$L1503,ROW()-1),1,0), 3 ) ) )} | S58: =IF( E58="", , IF( E58="Simple", L58, (1 + L58 / SWITCH(H58,"Monthly",12,"Quarterly",4,"Semi-annual",2,"Annual",1,1)) ^ SWITCH(H58,"Monthly",12,"Quarterly",4,"Semi-annual",2,"Annual",1,1) - 1 ) ) | T58: {=IF( B58="", , DATEDIF( B58 + IF(INDEX(Input!$K$7:$K1503,ROW()-1),0,1), C58 + IF(INDEX(Input!$L$7:$L1503,ROW()-1),1,0), "Y" ) )} | U58: {=IF( B58="", , (C58 + IF(INDEX(Input!$L$7:$L1503,ROW()-1),1,0)) - EDATE( B58 + IF(INDEX(Input!$K$7:$K1503,ROW()-1),0,1), 12*S58 ) )} | V58: =IF( D58="", , R58*365*366 - 365*D58 ) | W58: =IF( D58="", , D58 - V58 )
I59: 0 | J59: 0 | M59: =IF( E59="", , IF( E59="Simple", L59 * R59, LET( t, R59, m, SWITCH(H59,"Monthly",12,"Quarterly",4,"Semi-annual",2,"Annual",1,1), (1 + L59/m)^(m*t) - 1 ) ) ) | N59: =IF(A59="",,IF(ROW()=2, Input!$C$2 + I59, P58 + I59)) | O59: =IF(A59="",, IF(K59="Initial principal", Input!$C$2 * M59, N59 * M59 ) ) | P59: =IF(A59="",,N59 + O59 + J59) | Q59: =IF(A59="",,IF(ROW()=2,O59,Q58+O59)) | R59: {=IF( B59="", , SWITCH( Input!$C$4, "Actual/365 Fixed", YEARFRAC( B59 + IF(INDEX(Input!$K$7:$K1503,ROW()-1),0,1), C59 + IF(INDEX(Input!$L$7:$L1503,ROW()-1),1,0), 3 ), "Anniversary/365", DATEDIF( B59 + IF(INDEX(Input!$K$7:$K1503,ROW()-1),0,1), C59 + IF(INDEX(Input!$L$7:$L1503,ROW()-1),1,0), "Y" ) + ( (C59 + IF(INDEX(Input!$L$7:$L1503,ROW()-1),1,0)) - EDATE( B59 + IF(INDEX(Input!$K$7:$K1503,ROW()-1),0,1), 12*DATEDIF( B59 + IF(INDEX(Input!$K$7:$K1503,ROW()-1),0,1), C59 + IF(INDEX(Input!$L$7:$L1503,ROW()-1),1,0), "Y" ) ) ) / 365, "Actual/Actual", YEARFRAC( B59 + IF(INDEX(Input!$K$7:$K1503,ROW()-1),0,1), C59 + IF(INDEX(Input!$L$7:$L1503,ROW()-1),1,0), 1 ), YEARFRAC( B59 + IF(INDEX(Input!$K$7:$K1503,ROW()-1),0,1), C59 + IF(INDEX(Input!$L$7:$L1503,ROW()-1),1,0), 3 ) ) )} | S59: =IF( E59="", , IF( E59="Simple", L59, (1 + L59 / SWITCH(H59,"Monthly",12,"Quarterly",4,"Semi-annual",2,"Annual",1,1)) ^ SWITCH(H59,"Monthly",12,"Quarterly",4,"Semi-annual",2,"Annual",1,1) - 1 ) ) | T59: {=IF( B59="", , DATEDIF( B59 + IF(INDEX(Input!$K$7:$K1503,ROW()-1),0,1), C59 + IF(INDEX(Input!$L$7:$L1503,ROW()-1),1,0), "Y" ) )} | U59: {=IF( B59="", , (C59 + IF(INDEX(Input!$L$7:$L1503,ROW()-1),1,0)) - EDATE( B59 + IF(INDEX(Input!$K$7:$K1503,ROW()-1),0,1), 12*S59 ) )} | V59: =IF( D59="", , R59*365*366 - 365*D59 ) | W59: =IF( D59="", , D59 - V59 )
I60: 0 | J60: 0 | M60: =IF( E60="", , IF( E60="Simple", L60 * R60, LET( t, R60, m, SWITCH(H60,"Monthly",12,"Quarterly",4,"Semi-annual",2,"Annual",1,1), (1 + L60/m)^(m*t) - 1 ) ) ) | N60: =IF(A60="",,IF(ROW()=2, Input!$C$2 + I60, P59 + I60)) | O60: =IF(A60="",, IF(K60="Initial principal", Input!$C$2 * M60, N60 * M60 ) ) | P60: =IF(A60="",,N60 + O60 + J60) | Q60: =IF(A60="",,IF(ROW()=2,O60,Q59+O60)) | R60: {=IF( B60="", , SWITCH( Input!$C$4, "Actual/365 Fixed", YEARFRAC( B60 + IF(INDEX(Input!$K$7:$K1503,ROW()-1),0,1), C60 + IF(INDEX(Input!$L$7:$L1503,ROW()-1),1,0), 3 ), "Anniversary/365", DATEDIF( B60 + IF(INDEX(Input!$K$7:$K1503,ROW()-1),0,1), C60 + IF(INDEX(Input!$L$7:$L1503,ROW()-1),1,0), "Y" ) + ( (C60 + IF(INDEX(Input!$L$7:$L1503,ROW()-1),1,0)) - EDATE( B60 + IF(INDEX(Input!$K$7:$K1503,ROW()-1),0,1), 12*DATEDIF( B60 + IF(INDEX(Input!$K$7:$K1503,ROW()-1),0,1), C60 + IF(INDEX(Input!$L$7:$L1503,ROW()-1),1,0), "Y" ) ) ) / 365, "Actual/Actual", YEARFRAC( B60 + IF(INDEX(Input!$K$7:$K1503,ROW()-1),0,1), C60 + IF(INDEX(Input!$L$7:$L1503,ROW()-1),1,0), 1 ), YEARFRAC( B60 + IF(INDEX(Input!$K$7:$K1503,ROW()-1),0,1), C60 + IF(INDEX(Input!$L$7:$L1503,ROW()-1),1,0), 3 ) ) )} | S60: =IF( E60="", , IF( E60="Simple", L60, (1 + L60 / SWITCH(H60,"Monthly",12,"Quarterly",4,"Semi-annual",2,"Annual",1,1)) ^ SWITCH(H60,"Monthly",12,"Quarterly",4,"Semi-annual",2,"Annual",1,1) - 1 ) ) | T60: {=IF( B60="", , DATEDIF( B60 + IF(INDEX(Input!$K$7:$K1503,ROW()-1),0,1), C60 + IF(INDEX(Input!$L$7:$L1503,ROW()-1),1,0), "Y" ) )} | U60: {=IF( B60="", , (C60 + IF(INDEX(Input!$L$7:$L1503,ROW()-1),1,0)) - EDATE( B60 + IF(INDEX(Input!$K$7:$K1503,ROW()-1),0,1), 12*S60 ) )} | V60: =IF( D60="", , R60*365*366 - 365*D60 ) | W60: =IF( D60="", , D60 - V60 )
I61: 0 | J61: 0 | M61: =IF( E61="", , IF( E61="Simple", L61 * R61, LET( t, R61, m, SWITCH(H61,"Monthly",12,"Quarterly",4,"Semi-annual",2,"Annual",1,1), (1 + L61/m)^(m*t) - 1 ) ) ) | N61: =IF(A61="",,IF(ROW()=2, Input!$C$2 + I61, P60 + I61)) | O61: =IF(A61="",, IF(K61="Initial principal", Input!$C$2 * M61, N61 * M61 ) ) | P61: =IF(A61="",,N61 + O61 + J61) | Q61: =IF(A61="",,IF(ROW()=2,O61,Q60+O61)) | R61: {=IF( B61="", , SWITCH( Input!$C$4, "Actual/365 Fixed", YEARFRAC( B61 + IF(INDEX(Input!$K$7:$K1503,ROW()-1),0,1), C61 + IF(INDEX(Input!$L$7:$L1503,ROW()-1),1,0), 3 ), "Anniversary/365", DATEDIF( B61 + IF(INDEX(Input!$K$7:$K1503,ROW()-1),0,1), C61 + IF(INDEX(Input!$L$7:$L1503,ROW()-1),1,0), "Y" ) + ( (C61 + IF(INDEX(Input!$L$7:$L1503,ROW()-1),1,0)) - EDATE( B61 + IF(INDEX(Input!$K$7:$K1503,ROW()-1),0,1), 12*DATEDIF( B61 + IF(INDEX(Input!$K$7:$K1503,ROW()-1),0,1), C61 + IF(INDEX(Input!$L$7:$L1503,ROW()-1),1,0), "Y" ) ) ) / 365, "Actual/Actual", YEARFRAC( B61 + IF(INDEX(Input!$K$7:$K1503,ROW()-1),0,1), C61 + IF(INDEX(Input!$L$7:$L1503,ROW()-1),1,0), 1 ), YEARFRAC( B61 + IF(INDEX(Input!$K$7:$K1503,ROW()-1),0,1), C61 + IF(INDEX(Input!$L$7:$L1503,ROW()-1),1,0), 3 ) ) )} | S61: =IF( E61="", , IF( E61="Simple", L61, (1 + L61 / SWITCH(H61,"Monthly",12,"Quarterly",4,"Semi-annual",2,"Annual",1,1)) ^ SWITCH(H61,"Monthly",12,"Quarterly",4,"Semi-annual",2,"Annual",1,1) - 1 ) ) | T61: {=IF( B61="", , DATEDIF( B61 + IF(INDEX(Input!$K$7:$K1503,ROW()-1),0,1), C61 + IF(INDEX(Input!$L$7:$L1503,ROW()-1),1,0), "Y" ) )} | U61: {=IF( B61="", , (C61 + IF(INDEX(Input!$L$7:$L1503,ROW()-1),1,0)) - EDATE( B61 + IF(INDEX(Input!$K$7:$K1503,ROW()-1),0,1), 12*S61 ) )} | V61: =IF( D61="", , R61*365*366 - 365*D61 ) | W61: =IF( D61="", , D61 - V61 )
I62: 0 | J62: 0 | M62: =IF( E62="", , IF( E62="Simple", L62 * R62, LET( t, R62, m, SWITCH(H62,"Monthly",12,"Quarterly",4,"Semi-annual",2,"Annual",1,1), (1 + L62/m)^(m*t) - 1 ) ) ) | N62: =IF(A62="",,IF(ROW()=2, Input!$C$2 + I62, P61 + I62)) | O62: =IF(A62="",, IF(K62="Initial principal", Input!$C$2 * M62, N62 * M62 ) ) | P62: =IF(A62="",,N62 + O62 + J62) | Q62: =IF(A62="",,IF(ROW()=2,O62,Q61+O62)) | R62: {=IF( B62="", , SWITCH( Input!$C$4, "Actual/365 Fixed", YEARFRAC( B62 + IF(INDEX(Input!$K$7:$K1503,ROW()-1),0,1), C62 + IF(INDEX(Input!$L$7:$L1503,ROW()-1),1,0), 3 ), "Anniversary/365", DATEDIF( B62 + IF(INDEX(Input!$K$7:$K1503,ROW()-1),0,1), C62 + IF(INDEX(Input!$L$7:$L1503,ROW()-1),1,0), "Y" ) + ( (C62 + IF(INDEX(Input!$L$7:$L1503,ROW()-1),1,0)) - EDATE( B62 + IF(INDEX(Input!$K$7:$K1503,ROW()-1),0,1), 12*DATEDIF( B62 + IF(INDEX(Input!$K$7:$K1503,ROW()-1),0,1), C62 + IF(INDEX(Input!$L$7:$L1503,ROW()-1),1,0), "Y" ) ) ) / 365, "Actual/Actual", YEARFRAC( B62 + IF(INDEX(Input!$K$7:$K1503,ROW()-1),0,1), C62 + IF(INDEX(Input!$L$7:$L1503,ROW()-1),1,0), 1 ), YEARFRAC( B62 + IF(INDEX(Input!$K$7:$K1503,ROW()-1),0,1), C62 + IF(INDEX(Input!$L$7:$L1503,ROW()-1),1,0), 3 ) ) )} | S62: =IF( E62="", , IF( E62="Simple", L62, (1 + L62 / SWITCH(H62,"Monthly",12,"Quarterly",4,"Semi-annual",2,"Annual",1,1)) ^ SWITCH(H62,"Monthly",12,"Quarterly",4,"Semi-annual",2,"Annual",1,1) - 1 ) ) | T62: {=IF( B62="", , DATEDIF( B62 + IF(INDEX(Input!$K$7:$K1503,ROW()-1),0,1), C62 + IF(INDEX(Input!$L$7:$L1503,ROW()-1),1,0), "Y" ) )} | U62: {=IF( B62="", , (C62 + IF(INDEX(Input!$L$7:$L1503,ROW()-1),1,0)) - EDATE( B62 + IF(INDEX(Input!$K$7:$K1503,ROW()-1),0,1), 12*S62 ) )} | V62: =IF( D62="", , R62*365*366 - 365*D62 ) | W62: =IF( D62="", , D62 - V62 )
I63: 0 | J63: 0 | M63: =IF( E63="", , IF( E63="Simple", L63 * R63, LET( t, R63, m, SWITCH(H63,"Monthly",12,"Quarterly",4,"Semi-annual",2,"Annual",1,1), (1 + L63/m)^(m*t) - 1 ) ) ) | N63: =IF(A63="",,IF(ROW()=2, Input!$C$2 + I63, P62 + I63)) | O63: =IF(A63="",, IF(K63="Initial principal", Input!$C$2 * M63, N63 * M63 ) ) | P63: =IF(A63="",,N63 + O63 + J63) | Q63: =IF(A63="",,IF(ROW()=2,O63,Q62+O63)) | R63: {=IF( B63="", , SWITCH( Input!$C$4, "Actual/365 Fixed", YEARFRAC( B63 + IF(INDEX(Input!$K$7:$K1503,ROW()-1),0,1), C63 + IF(INDEX(Input!$L$7:$L1503,ROW()-1),1,0), 3 ), "Anniversary/365", DATEDIF( B63 + IF(INDEX(Input!$K$7:$K1503,ROW()-1),0,1), C63 + IF(INDEX(Input!$L$7:$L1503,ROW()-1),1,0), "Y" ) + ( (C63 + IF(INDEX(Input!$L$7:$L1503,ROW()-1),1,0)) - EDATE( B63 + IF(INDEX(Input!$K$7:$K1503,ROW()-1),0,1), 12*DATEDIF( B63 + IF(INDEX(Input!$K$7:$K1503,ROW()-1),0,1), C63 + IF(INDEX(Input!$L$7:$L1503,ROW()-1),1,0), "Y" ) ) ) / 365, "Actual/Actual", YEARFRAC( B63 + IF(INDEX(Input!$K$7:$K1503,ROW()-1),0,1), C63 + IF(INDEX(Input!$L$7:$L1503,ROW()-1),1,0), 1 ), YEARFRAC( B63 + IF(INDEX(Input!$K$7:$K1503,ROW()-1),0,1), C63 + IF(INDEX(Input!$L$7:$L1503,ROW()-1),1,0), 3 ) ) )} | S63: =IF( E63="", , IF( E63="Simple", L63, (1 + L63 / SWITCH(H63,"Monthly",12,"Quarterly",4,"Semi-annual",2,"Annual",1,1)) ^ SWITCH(H63,"Monthly",12,"Quarterly",4,"Semi-annual",2,"Annual",1,1) - 1 ) ) | T63: {=IF( B63="", , DATEDIF( B63 + IF(INDEX(Input!$K$7:$K1503,ROW()-1),0,1), C63 + IF(INDEX(Input!$L$7:$L1503,ROW()-1),1,0), "Y" ) )} | U63: {=IF( B63="", , (C63 + IF(INDEX(Input!$L$7:$L1503,ROW()-1),1,0)) - EDATE( B63 + IF(INDEX(Input!$K$7:$K1503,ROW()-1),0,1), 12*S63 ) )} | V63: =IF( D63="", , R63*365*366 - 365*D63 ) | W63: =IF( D63="", , D63 - V63 )
I64: 0 | J64: 0 | M64: =IF( E64="", , IF( E64="Simple", L64 * R64, LET( t, R64, m, SWITCH(H64,"Monthly",12,"Quarterly",4,"Semi-annual",2,"Annual",1,1), (1 + L64/m)^(m*t) - 1 ) ) ) | N64: =IF(A64="",,IF(ROW()=2, Input!$C$2 + I64, P63 + I64)) | O64: =IF(A64="",, IF(K64="Initial principal", Input!$C$2 * M64, N64 * M64 ) ) | P64: =IF(A64="",,N64 + O64 + J64) | Q64: =IF(A64="",,IF(ROW()=2,O64,Q63+O64)) | R64: {=IF( B64="", , SWITCH( Input!$C$4, "Actual/365 Fixed", YEARFRAC( B64 + IF(INDEX(Input!$K$7:$K1503,ROW()-1),0,1), C64 + IF(INDEX(Input!$L$7:$L1503,ROW()-1),1,0), 3 ), "Anniversary/365", DATEDIF( B64 + IF(INDEX(Input!$K$7:$K1503,ROW()-1),0,1), C64 + IF(INDEX(Input!$L$7:$L1503,ROW()-1),1,0), "Y" ) + ( (C64 + IF(INDEX(Input!$L$7:$L1503,ROW()-1),1,0)) - EDATE( B64 + IF(INDEX(Input!$K$7:$K1503,ROW()-1),0,1), 12*DATEDIF( B64 + IF(INDEX(Input!$K$7:$K1503,ROW()-1),0,1), C64 + IF(INDEX(Input!$L$7:$L1503,ROW()-1),1,0), "Y" ) ) ) / 365, "Actual/Actual", YEARFRAC( B64 + IF(INDEX(Input!$K$7:$K1503,ROW()-1),0,1), C64 + IF(INDEX(Input!$L$7:$L1503,ROW()-1),1,0), 1 ), YEARFRAC( B64 + IF(INDEX(Input!$K$7:$K1503,ROW()-1),0,1), C64 + IF(INDEX(Input!$L$7:$L1503,ROW()-1),1,0), 3 ) ) )} | S64: =IF( E64="", , IF( E64="Simple", L64, (1 + L64 / SWITCH(H64,"Monthly",12,"Quarterly",4,"Semi-annual",2,"Annual",1,1)) ^ SWITCH(H64,"Monthly",12,"Quarterly",4,"Semi-annual",2,"Annual",1,1) - 1 ) ) | T64: {=IF( B64="", , DATEDIF( B64 + IF(INDEX(Input!$K$7:$K1503,ROW()-1),0,1), C64 + IF(INDEX(Input!$L$7:$L1503,ROW()-1),1,0), "Y" ) )} | U64: {=IF( B64="", , (C64 + IF(INDEX(Input!$L$7:$L1503,ROW()-1),1,0)) - EDATE( B64 + IF(INDEX(Input!$K$7:$K1503,ROW()-1),0,1), 12*S64 ) )} | V64: =IF( D64="", , R64*365*366 - 365*D64 ) | W64: =IF( D64="", , D64 - V64 )
I65: 0 | J65: 0 | M65: =IF( E65="", , IF( E65="Simple", L65 * R65, LET( t, R65, m, SWITCH(H65,"Monthly",12,"Quarterly",4,"Semi-annual",2,"Annual",1,1), (1 + L65/m)^(m*t) - 1 ) ) ) | N65: =IF(A65="",,IF(ROW()=2, Input!$C$2 + I65, P64 + I65)) | O65: =IF(A65="",, IF(K65="Initial principal", Input!$C$2 * M65, N65 * M65 ) ) | P65: =IF(A65="",,N65 + O65 + J65) | Q65: =IF(A65="",,IF(ROW()=2,O65,Q64+O65)) | R65: {=IF( B65="", , SWITCH( Input!$C$4, "Actual/365 Fixed", YEARFRAC( B65 + IF(INDEX(Input!$K$7:$K1503,ROW()-1),0,1), C65 + IF(INDEX(Input!$L$7:$L1503,ROW()-1),1,0), 3 ), "Anniversary/365", DATEDIF( B65 + IF(INDEX(Input!$K$7:$K1503,ROW()-1),0,1), C65 + IF(INDEX(Input!$L$7:$L1503,ROW()-1),1,0), "Y" ) + ( (C65 + IF(INDEX(Input!$L$7:$L1503,ROW()-1),1,0)) - EDATE( B65 + IF(INDEX(Input!$K$7:$K1503,ROW()-1),0,1), 12*DATEDIF( B65 + IF(INDEX(Input!$K$7:$K1503,ROW()-1),0,1), C65 + IF(INDEX(Input!$L$7:$L1503,ROW()-1),1,0), "Y" ) ) ) / 365, "Actual/Actual", YEARFRAC( B65 + IF(INDEX(Input!$K$7:$K1503,ROW()-1),0,1), C65 + IF(INDEX(Input!$L$7:$L1503,ROW()-1),1,0), 1 ), YEARFRAC( B65 + IF(INDEX(Input!$K$7:$K1503,ROW()-1),0,1), C65 + IF(INDEX(Input!$L$7:$L1503,ROW()-1),1,0), 3 ) ) )} | S65: =IF( E65="", , IF( E65="Simple", L65, (1 + L65 / SWITCH(H65,"Monthly",12,"Quarterly",4,"Semi-annual",2,"Annual",1,1)) ^ SWITCH(H65,"Monthly",12,"Quarterly",4,"Semi-annual",2,"Annual",1,1) - 1 ) ) | T65: {=IF( B65="", , DATEDIF( B65 + IF(INDEX(Input!$K$7:$K1503,ROW()-1),0,1), C65 + IF(INDEX(Input!$L$7:$L1503,ROW()-1),1,0), "Y" ) )} | U65: {=IF( B65="", , (C65 + IF(INDEX(Input!$L$7:$L1503,ROW()-1),1,0)) - EDATE( B65 + IF(INDEX(Input!$K$7:$K1503,ROW()-1),0,1), 12*S65 ) )} | V65: =IF( D65="", , R65*365*366 - 365*D65 ) | W65: =IF( D65="", , D65 - V65 )
I66: 0 | J66: 0 | M66: =IF( E66="", , IF( E66="Simple", L66 * R66, LET( t, R66, m, SWITCH(H66,"Monthly",12,"Quarterly",4,"Semi-annual",2,"Annual",1,1), (1 + L66/m)^(m*t) - 1 ) ) ) | N66: =IF(A66="",,IF(ROW()=2, Input!$C$2 + I66, P65 + I66)) | O66: =IF(A66="",, IF(K66="Initial principal", Input!$C$2 * M66, N66 * M66 ) ) | P66: =IF(A66="",,N66 + O66 + J66) | Q66: =IF(A66="",,IF(ROW()=2,O66,Q65+O66)) | R66: {=IF( B66="", , SWITCH( Input!$C$4, "Actual/365 Fixed", YEARFRAC( B66 + IF(INDEX(Input!$K$7:$K1503,ROW()-1),0,1), C66 + IF(INDEX(Input!$L$7:$L1503,ROW()-1),1,0), 3 ), "Anniversary/365", DATEDIF( B66 + IF(INDEX(Input!$K$7:$K1503,ROW()-1),0,1), C66 + IF(INDEX(Input!$L$7:$L1503,ROW()-1),1,0), "Y" ) + ( (C66 + IF(INDEX(Input!$L$7:$L1503,ROW()-1),1,0)) - EDATE( B66 + IF(INDEX(Input!$K$7:$K1503,ROW()-1),0,1), 12*DATEDIF( B66 + IF(INDEX(Input!$K$7:$K1503,ROW()-1),0,1), C66 + IF(INDEX(Input!$L$7:$L1503,ROW()-1),1,0), "Y" ) ) ) / 365, "Actual/Actual", YEARFRAC( B66 + IF(INDEX(Input!$K$7:$K1503,ROW()-1),0,1), C66 + IF(INDEX(Input!$L$7:$L1503,ROW()-1),1,0), 1 ), YEARFRAC( B66 + IF(INDEX(Input!$K$7:$K1503,ROW()-1),0,1), C66 + IF(INDEX(Input!$L$7:$L1503,ROW()-1),1,0), 3 ) ) )} | S66: =IF( E66="", , IF( E66="Simple", L66, (1 + L66 / SWITCH(H66,"Monthly",12,"Quarterly",4,"Semi-annual",2,"Annual",1,1)) ^ SWITCH(H66,"Monthly",12,"Quarterly",4,"Semi-annual",2,"Annual",1,1) - 1 ) ) | T66: {=IF( B66="", , DATEDIF( B66 + IF(INDEX(Input!$K$7:$K1503,ROW()-1),0,1), C66 + IF(INDEX(Input!$L$7:$L1503,ROW()-1),1,0), "Y" ) )} | U66: {=IF( B66="", , (C66 + IF(INDEX(Input!$L$7:$L1503,ROW()-1),1,0)) - EDATE( B66 + IF(INDEX(Input!$K$7:$K1503,ROW()-1),0,1), 12*S66 ) )} | V66: =IF( D66="", , R66*365*366 - 365*D66 ) | W66: =IF( D66="", , D66 - V66 )
I67: 0 | J67: 0 | M67: =IF( E67="", , IF( E67="Simple", L67 * R67, LET( t, R67, m, SWITCH(H67,"Monthly",12,"Quarterly",4,"Semi-annual",2,"Annual",1,1), (1 + L67/m)^(m*t) - 1 ) ) ) | N67: =IF(A67="",,IF(ROW()=2, Input!$C$2 + I67, P66 + I67)) | O67: =IF(A67="",, IF(K67="Initial principal", Input!$C$2 * M67, N67 * M67 ) ) | P67: =IF(A67="",,N67 + O67 + J67) | Q67: =IF(A67="",,IF(ROW()=2,O67,Q66+O67)) | R67: {=IF( B67="", , SWITCH( Input!$C$4, "Actual/365 Fixed", YEARFRAC( B67 + IF(INDEX(Input!$K$7:$K1503,ROW()-1),0,1), C67 + IF(INDEX(Input!$L$7:$L1503,ROW()-1),1,0), 3 ), "Anniversary/365", DATEDIF( B67 + IF(INDEX(Input!$K$7:$K1503,ROW()-1),0,1), C67 + IF(INDEX(Input!$L$7:$L1503,ROW()-1),1,0), "Y" ) + ( (C67 + IF(INDEX(Input!$L$7:$L1503,ROW()-1),1,0)) - EDATE( B67 + IF(INDEX(Input!$K$7:$K1503,ROW()-1),0,1), 12*DATEDIF( B67 + IF(INDEX(Input!$K$7:$K1503,ROW()-1),0,1), C67 + IF(INDEX(Input!$L$7:$L1503,ROW()-1),1,0), "Y" ) ) ) / 365, "Actual/Actual", YEARFRAC( B67 + IF(INDEX(Input!$K$7:$K1503,ROW()-1),0,1), C67 + IF(INDEX(Input!$L$7:$L1503,ROW()-1),1,0), 1 ), YEARFRAC( B67 + IF(INDEX(Input!$K$7:$K1503,ROW()-1),0,1), C67 + IF(INDEX(Input!$L$7:$L1503,ROW()-1),1,0), 3 ) ) )} | S67: =IF( E67="", , IF( E67="Simple", L67, (1 + L67 / SWITCH(H67,"Monthly",12,"Quarterly",4,"Semi-annual",2,"Annual",1,1)) ^ SWITCH(H67,"Monthly",12,"Quarterly",4,"Semi-annual",2,"Annual",1,1) - 1 ) ) | T67: {=IF( B67="", , DATEDIF( B67 + IF(INDEX(Input!$K$7:$K1503,ROW()-1),0,1), C67 + IF(INDEX(Input!$L$7:$L1503,ROW()-1),1,0), "Y" ) )} | U67: {=IF( B67="", , (C67 + IF(INDEX(Input!$L$7:$L1503,ROW()-1),1,0)) - EDATE( B67 + IF(INDEX(Input!$K$7:$K1503,ROW()-1),0,1), 12*S67 ) )} | V67: =IF( D67="", , R67*365*366 - 365*D67 ) | W67: =IF( D67="", , D67 - V67 )
I68: 0 | J68: 0 | M68: =IF( E68="", , IF( E68="Simple", L68 * R68, LET( t, R68, m, SWITCH(H68,"Monthly",12,"Quarterly",4,"Semi-annual",2,"Annual",1,1), (1 + L68/m)^(m*t) - 1 ) ) ) | N68: =IF(A68="",,IF(ROW()=2, Input!$C$2 + I68, P67 + I68)) | O68: =IF(A68="",, IF(K68="Initial principal", Input!$C$2 * M68, N68 * M68 ) ) | P68: =IF(A68="",,N68 + O68 + J68) | Q68: =IF(A68="",,IF(ROW()=2,O68,Q67+O68)) | R68: {=IF( B68="", , SWITCH( Input!$C$4, "Actual/365 Fixed", YEARFRAC( B68 + IF(INDEX(Input!$K$7:$K1503,ROW()-1),0,1), C68 + IF(INDEX(Input!$L$7:$L1503,ROW()-1),1,0), 3 ), "Anniversary/365", DATEDIF( B68 + IF(INDEX(Input!$K$7:$K1503,ROW()-1),0,1), C68 + IF(INDEX(Input!$L$7:$L1503,ROW()-1),1,0), "Y" ) + ( (C68 + IF(INDEX(Input!$L$7:$L1503,ROW()-1),1,0)) - EDATE( B68 + IF(INDEX(Input!$K$7:$K1503,ROW()-1),0,1), 12*DATEDIF( B68 + IF(INDEX(Input!$K$7:$K1503,ROW()-1),0,1), C68 + IF(INDEX(Input!$L$7:$L1503,ROW()-1),1,0), "Y" ) ) ) / 365, "Actual/Actual", YEARFRAC( B68 + IF(INDEX(Input!$K$7:$K1503,ROW()-1),0,1), C68 + IF(INDEX(Input!$L$7:$L1503,ROW()-1),1,0), 1 ), YEARFRAC( B68 + IF(INDEX(Input!$K$7:$K1503,ROW()-1),0,1), C68 + IF(INDEX(Input!$L$7:$L1503,ROW()-1),1,0), 3 ) ) )} | S68: =IF( E68="", , IF( E68="Simple", L68, (1 + L68 / SWITCH(H68,"Monthly",12,"Quarterly",4,"Semi-annual",2,"Annual",1,1)) ^ SWITCH(H68,"Monthly",12,"Quarterly",4,"Semi-annual",2,"Annual",1,1) - 1 ) ) | T68: {=IF( B68="", , DATEDIF( B68 + IF(INDEX(Input!$K$7:$K1503,ROW()-1),0,1), C68 + IF(INDEX(Input!$L$7:$L1503,ROW()-1),1,0), "Y" ) )} | U68: {=IF( B68="", , (C68 + IF(INDEX(Input!$L$7:$L1503,ROW()-1),1,0)) - EDATE( B68 + IF(INDEX(Input!$K$7:$K1503,ROW()-1),0,1), 12*S68 ) )} | V68: =IF( D68="", , R68*365*366 - 365*D68 ) | W68: =IF( D68="", , D68 - V68 )
I69: 0 | J69: 0 | M69: =IF( E69="", , IF( E69="Simple", L69 * R69, LET( t, R69, m, SWITCH(H69,"Monthly",12,"Quarterly",4,"Semi-annual",2,"Annual",1,1), (1 + L69/m)^(m*t) - 1 ) ) ) | N69: =IF(A69="",,IF(ROW()=2, Input!$C$2 + I69, P68 + I69)) | O69: =IF(A69="",, IF(K69="Initial principal", Input!$C$2 * M69, N69 * M69 ) ) | P69: =IF(A69="",,N69 + O69 + J69) | Q69: =IF(A69="",,IF(ROW()=2,O69,Q68+O69)) | R69: {=IF( B69="", , SWITCH( Input!$C$4, "Actual/365 Fixed", YEARFRAC( B69 + IF(INDEX(Input!$K$7:$K1503,ROW()-1),0,1), C69 + IF(INDEX(Input!$L$7:$L1503,ROW()-1),1,0), 3 ), "Anniversary/365", DATEDIF( B69 + IF(INDEX(Input!$K$7:$K1503,ROW()-1),0,1), C69 + IF(INDEX(Input!$L$7:$L1503,ROW()-1),1,0), "Y" ) + ( (C69 + IF(INDEX(Input!$L$7:$L1503,ROW()-1),1,0)) - EDATE( B69 + IF(INDEX(Input!$K$7:$K1503,ROW()-1),0,1), 12*DATEDIF( B69 + IF(INDEX(Input!$K$7:$K1503,ROW()-1),0,1), C69 + IF(INDEX(Input!$L$7:$L1503,ROW()-1),1,0), "Y" ) ) ) / 365, "Actual/Actual", YEARFRAC( B69 + IF(INDEX(Input!$K$7:$K1503,ROW()-1),0,1), C69 + IF(INDEX(Input!$L$7:$L1503,ROW()-1),1,0), 1 ), YEARFRAC( B69 + IF(INDEX(Input!$K$7:$K1503,ROW()-1),0,1), C69 + IF(INDEX(Input!$L$7:$L1503,ROW()-1),1,0), 3 ) ) )} | S69: =IF( E69="", , IF( E69="Simple", L69, (1 + L69 / SWITCH(H69,"Monthly",12,"Quarterly",4,"Semi-annual",2,"Annual",1,1)) ^ SWITCH(H69,"Monthly",12,"Quarterly",4,"Semi-annual",2,"Annual",1,1) - 1 ) ) | T69: {=IF( B69="", , DATEDIF( B69 + IF(INDEX(Input!$K$7:$K1503,ROW()-1),0,1), C69 + IF(INDEX(Input!$L$7:$L1503,ROW()-1),1,0), "Y" ) )} | U69: {=IF( B69="", , (C69 + IF(INDEX(Input!$L$7:$L1503,ROW()-1),1,0)) - EDATE( B69 + IF(INDEX(Input!$K$7:$K1503,ROW()-1),0,1), 12*S69 ) )} | V69: =IF( D69="", , R69*365*366 - 365*D69 ) | W69: =IF( D69="", , D69 - V69 )
I70: 0 | J70: 0 | M70: =IF( E70="", , IF( E70="Simple", L70 * R70, LET( t, R70, m, SWITCH(H70,"Monthly",12,"Quarterly",4,"Semi-annual",2,"Annual",1,1), (1 + L70/m)^(m*t) - 1 ) ) ) | N70: =IF(A70="",,IF(ROW()=2, Input!$C$2 + I70, P69 + I70)) | O70: =IF(A70="",, IF(K70="Initial principal", Input!$C$2 * M70, N70 * M70 ) ) | P70: =IF(A70="",,N70 + O70 + J70) | Q70: =IF(A70="",,IF(ROW()=2,O70,Q69+O70)) | R70: {=IF( B70="", , SWITCH( Input!$C$4, "Actual/365 Fixed", YEARFRAC( B70 + IF(INDEX(Input!$K$7:$K1503,ROW()-1),0,1), C70 + IF(INDEX(Input!$L$7:$L1503,ROW()-1),1,0), 3 ), "Anniversary/365", DATEDIF( B70 + IF(INDEX(Input!$K$7:$K1503,ROW()-1),0,1), C70 + IF(INDEX(Input!$L$7:$L1503,ROW()-1),1,0), "Y" ) + ( (C70 + IF(INDEX(Input!$L$7:$L1503,ROW()-1),1,0)) - EDATE( B70 + IF(INDEX(Input!$K$7:$K1503,ROW()-1),0,1), 12*DATEDIF( B70 + IF(INDEX(Input!$K$7:$K1503,ROW()-1),0,1), C70 + IF(INDEX(Input!$L$7:$L1503,ROW()-1),1,0), "Y" ) ) ) / 365, "Actual/Actual", YEARFRAC( B70 + IF(INDEX(Input!$K$7:$K1503,ROW()-1),0,1), C70 + IF(INDEX(Input!$L$7:$L1503,ROW()-1),1,0), 1 ), YEARFRAC( B70 + IF(INDEX(Input!$K$7:$K1503,ROW()-1),0,1), C70 + IF(INDEX(Input!$L$7:$L1503,ROW()-1),1,0), 3 ) ) )} | S70: =IF( E70="", , IF( E70="Simple", L70, (1 + L70 / SWITCH(H70,"Monthly",12,"Quarterly",4,"Semi-annual",2,"Annual",1,1)) ^ SWITCH(H70,"Monthly",12,"Quarterly",4,"Semi-annual",2,"Annual",1,1) - 1 ) ) | T70: {=IF( B70="", , DATEDIF( B70 + IF(INDEX(Input!$K$7:$K1503,ROW()-1),0,1), C70 + IF(INDEX(Input!$L$7:$L1503,ROW()-1),1,0), "Y" ) )} | U70: {=IF( B70="", , (C70 + IF(INDEX(Input!$L$7:$L1503,ROW()-1),1,0)) - EDATE( B70 + IF(INDEX(Input!$K$7:$K1503,ROW()-1),0,1), 12*S70 ) )} | V70: =IF( D70="", , R70*365*366 - 365*D70 ) | W70: =IF( D70="", , D70 - V70 )
I71: 0 | J71: 0 | M71: =IF( E71="", , IF( E71="Simple", L71 * R71, LET( t, R71, m, SWITCH(H71,"Monthly",12,"Quarterly",4,"Semi-annual",2,"Annual",1,1), (1 + L71/m)^(m*t) - 1 ) ) ) | N71: =IF(A71="",,IF(ROW()=2, Input!$C$2 + I71, P70 + I71)) | O71: =IF(A71="",, IF(K71="Initial principal", Input!$C$2 * M71, N71 * M71 ) ) | P71: =IF(A71="",,N71 + O71 + J71) | Q71: =IF(A71="",,IF(ROW()=2,O71,Q70+O71)) | R71: {=IF( B71="", , SWITCH( Input!$C$4, "Actual/365 Fixed", YEARFRAC( B71 + IF(INDEX(Input!$K$7:$K1503,ROW()-1),0,1), C71 + IF(INDEX(Input!$L$7:$L1503,ROW()-1),1,0), 3 ), "Anniversary/365", DATEDIF( B71 + IF(INDEX(Input!$K$7:$K1503,ROW()-1),0,1), C71 + IF(INDEX(Input!$L$7:$L1503,ROW()-1),1,0), "Y" ) + ( (C71 + IF(INDEX(Input!$L$7:$L1503,ROW()-1),1,0)) - EDATE( B71 + IF(INDEX(Input!$K$7:$K1503,ROW()-1),0,1), 12*DATEDIF( B71 + IF(INDEX(Input!$K$7:$K1503,ROW()-1),0,1), C71 + IF(INDEX(Input!$L$7:$L1503,ROW()-1),1,0), "Y" ) ) ) / 365, "Actual/Actual", YEARFRAC( B71 + IF(INDEX(Input!$K$7:$K1503,ROW()-1),0,1), C71 + IF(INDEX(Input!$L$7:$L1503,ROW()-1),1,0), 1 ), YEARFRAC( B71 + IF(INDEX(Input!$K$7:$K1503,ROW()-1),0,1), C71 + IF(INDEX(Input!$L$7:$L1503,ROW()-1),1,0), 3 ) ) )} | S71: =IF( E71="", , IF( E71="Simple", L71, (1 + L71 / SWITCH(H71,"Monthly",12,"Quarterly",4,"Semi-annual",2,"Annual",1,1)) ^ SWITCH(H71,"Monthly",12,"Quarterly",4,"Semi-annual",2,"Annual",1,1) - 1 ) ) | T71: {=IF( B71="", , DATEDIF( B71 + IF(INDEX(Input!$K$7:$K1503,ROW()-1),0,1), C71 + IF(INDEX(Input!$L$7:$L1503,ROW()-1),1,0), "Y" ) )} | U71: {=IF( B71="", , (C71 + IF(INDEX(Input!$L$7:$L1503,ROW()-1),1,0)) - EDATE( B71 + IF(INDEX(Input!$K$7:$K1503,ROW()-1),0,1), 12*S71 ) )} | V71: =IF( D71="", , R71*365*366 - 365*D71 ) | W71: =IF( D71="", , D71 - V71 )
I72: 0 | J72: 0 | M72: =IF( E72="", , IF( E72="Simple", L72 * R72, LET( t, R72, m, SWITCH(H72,"Monthly",12,"Quarterly",4,"Semi-annual",2,"Annual",1,1), (1 + L72/m)^(m*t) - 1 ) ) ) | N72: =IF(A72="",,IF(ROW()=2, Input!$C$2 + I72, P71 + I72)) | O72: =IF(A72="",, IF(K72="Initial principal", Input!$C$2 * M72, N72 * M72 ) ) | P72: =IF(A72="",,N72 + O72 + J72) | Q72: =IF(A72="",,IF(ROW()=2,O72,Q71+O72)) | R72: {=IF( B72="", , SWITCH( Input!$C$4, "Actual/365 Fixed", YEARFRAC( B72 + IF(INDEX(Input!$K$7:$K1503,ROW()-1),0,1), C72 + IF(INDEX(Input!$L$7:$L1503,ROW()-1),1,0), 3 ), "Anniversary/365", DATEDIF( B72 + IF(INDEX(Input!$K$7:$K1503,ROW()-1),0,1), C72 + IF(INDEX(Input!$L$7:$L1503,ROW()-1),1,0), "Y" ) + ( (C72 + IF(INDEX(Input!$L$7:$L1503,ROW()-1),1,0)) - EDATE( B72 + IF(INDEX(Input!$K$7:$K1503,ROW()-1),0,1), 12*DATEDIF( B72 + IF(INDEX(Input!$K$7:$K1503,ROW()-1),0,1), C72 + IF(INDEX(Input!$L$7:$L1503,ROW()-1),1,0), "Y" ) ) ) / 365, "Actual/Actual", YEARFRAC( B72 + IF(INDEX(Input!$K$7:$K1503,ROW()-1),0,1), C72 + IF(INDEX(Input!$L$7:$L1503,ROW()-1),1,0), 1 ), YEARFRAC( B72 + IF(INDEX(Input!$K$7:$K1503,ROW()-1),0,1), C72 + IF(INDEX(Input!$L$7:$L1503,ROW()-1),1,0), 3 ) ) )} | S72: =IF( E72="", , IF( E72="Simple", L72, (1 + L72 / SWITCH(H72,"Monthly",12,"Quarterly",4,"Semi-annual",2,"Annual",1,1)) ^ SWITCH(H72,"Monthly",12,"Quarterly",4,"Semi-annual",2,"Annual",1,1) - 1 ) ) | T72: {=IF( B72="", , DATEDIF( B72 + IF(INDEX(Input!$K$7:$K1503,ROW()-1),0,1), C72 + IF(INDEX(Input!$L$7:$L1503,ROW()-1),1,0), "Y" ) )} | U72: {=IF( B72="", , (C72 + IF(INDEX(Input!$L$7:$L1503,ROW()-1),1,0)) - EDATE( B72 + IF(INDEX(Input!$K$7:$K1503,ROW()-1),0,1), 12*S72 ) )} | V72: =IF( D72="", , R72*365*366 - 365*D72 ) | W72: =IF( D72="", , D72 - V72 )
I73: 0 | J73: 0 | M73: =IF( E73="", , IF( E73="Simple", L73 * R73, LET( t, R73, m, SWITCH(H73,"Monthly",12,"Quarterly",4,"Semi-annual",2,"Annual",1,1), (1 + L73/m)^(m*t) - 1 ) ) ) | N73: =IF(A73="",,IF(ROW()=2, Input!$C$2 + I73, P72 + I73)) | O73: =IF(A73="",, IF(K73="Initial principal", Input!$C$2 * M73, N73 * M73 ) ) | P73: =IF(A73="",,N73 + O73 + J73) | Q73: =IF(A73="",,IF(ROW()=2,O73,Q72+O73)) | R73: {=IF( B73="", , SWITCH( Input!$C$4, "Actual/365 Fixed", YEARFRAC( B73 + IF(INDEX(Input!$K$7:$K1503,ROW()-1),0,1), C73 + IF(INDEX(Input!$L$7:$L1503,ROW()-1),1,0), 3 ), "Anniversary/365", DATEDIF( B73 + IF(INDEX(Input!$K$7:$K1503,ROW()-1),0,1), C73 + IF(INDEX(Input!$L$7:$L1503,ROW()-1),1,0), "Y" ) + ( (C73 + IF(INDEX(Input!$L$7:$L1503,ROW()-1),1,0)) - EDATE( B73 + IF(INDEX(Input!$K$7:$K1503,ROW()-1),0,1), 12*DATEDIF( B73 + IF(INDEX(Input!$K$7:$K1503,ROW()-1),0,1), C73 + IF(INDEX(Input!$L$7:$L1503,ROW()-1),1,0), "Y" ) ) ) / 365, "Actual/Actual", YEARFRAC( B73 + IF(INDEX(Input!$K$7:$K1503,ROW()-1),0,1), C73 + IF(INDEX(Input!$L$7:$L1503,ROW()-1),1,0), 1 ), YEARFRAC( B73 + IF(INDEX(Input!$K$7:$K1503,ROW()-1),0,1), C73 + IF(INDEX(Input!$L$7:$L1503,ROW()-1),1,0), 3 ) ) )} | S73: =IF( E73="", , IF( E73="Simple", L73, (1 + L73 / SWITCH(H73,"Monthly",12,"Quarterly",4,"Semi-annual",2,"Annual",1,1)) ^ SWITCH(H73,"Monthly",12,"Quarterly",4,"Semi-annual",2,"Annual",1,1) - 1 ) ) | T73: {=IF( B73="", , DATEDIF( B73 + IF(INDEX(Input!$K$7:$K1503,ROW()-1),0,1), C73 + IF(INDEX(Input!$L$7:$L1503,ROW()-1),1,0), "Y" ) )} | U73: {=IF( B73="", , (C73 + IF(INDEX(Input!$L$7:$L1503,ROW()-1),1,0)) - EDATE( B73 + IF(INDEX(Input!$K$7:$K1503,ROW()-1),0,1), 12*S73 ) )} | V73: =IF( D73="", , R73*365*366 - 365*D73 ) | W73: =IF( D73="", , D73 - V73 )
I74: 0 | J74: 0 | M74: =IF( E74="", , IF( E74="Simple", L74 * R74, LET( t, R74, m, SWITCH(H74,"Monthly",12,"Quarterly",4,"Semi-annual",2,"Annual",1,1), (1 + L74/m)^(m*t) - 1 ) ) ) | N74: =IF(A74="",,IF(ROW()=2, Input!$C$2 + I74, P73 + I74)) | O74: =IF(A74="",, IF(K74="Initial principal", Input!$C$2 * M74, N74 * M74 ) ) | P74: =IF(A74="",,N74 + O74 + J74) | Q74: =IF(A74="",,IF(ROW()=2,O74,Q73+O74)) | R74: {=IF( B74="", , SWITCH( Input!$C$4, "Actual/365 Fixed", YEARFRAC( B74 + IF(INDEX(Input!$K$7:$K1503,ROW()-1),0,1), C74 + IF(INDEX(Input!$L$7:$L1503,ROW()-1),1,0), 3 ), "Anniversary/365", DATEDIF( B74 + IF(INDEX(Input!$K$7:$K1503,ROW()-1),0,1), C74 + IF(INDEX(Input!$L$7:$L1503,ROW()-1),1,0), "Y" ) + ( (C74 + IF(INDEX(Input!$L$7:$L1503,ROW()-1),1,0)) - EDATE( B74 + IF(INDEX(Input!$K$7:$K1503,ROW()-1),0,1), 12*DATEDIF( B74 + IF(INDEX(Input!$K$7:$K1503,ROW()-1),0,1), C74 + IF(INDEX(Input!$L$7:$L1503,ROW()-1),1,0), "Y" ) ) ) / 365, "Actual/Actual", YEARFRAC( B74 + IF(INDEX(Input!$K$7:$K1503,ROW()-1),0,1), C74 + IF(INDEX(Input!$L$7:$L1503,ROW()-1),1,0), 1 ), YEARFRAC( B74 + IF(INDEX(Input!$K$7:$K1503,ROW()-1),0,1), C74 + IF(INDEX(Input!$L$7:$L1503,ROW()-1),1,0), 3 ) ) )} | S74: =IF( E74="", , IF( E74="Simple", L74, (1 + L74 / SWITCH(H74,"Monthly",12,"Quarterly",4,"Semi-annual",2,"Annual",1,1)) ^ SWITCH(H74,"Monthly",12,"Quarterly",4,"Semi-annual",2,"Annual",1,1) - 1 ) ) | T74: {=IF( B74="", , DATEDIF( B74 + IF(INDEX(Input!$K$7:$K1503,ROW()-1),0,1), C74 + IF(INDEX(Input!$L$7:$L1503,ROW()-1),1,0), "Y" ) )} | U74: {=IF( B74="", , (C74 + IF(INDEX(Input!$L$7:$L1503,ROW()-1),1,0)) - EDATE( B74 + IF(INDEX(Input!$K$7:$K1503,ROW()-1),0,1), 12*S74 ) )} | V74: =IF( D74="", , R74*365*366 - 365*D74 ) | W74: =IF( D74="", , D74 - V74 )
I75: 0 | J75: 0 | M75: =IF( E75="", , IF( E75="Simple", L75 * R75, LET( t, R75, m, SWITCH(H75,"Monthly",12,"Quarterly",4,"Semi-annual",2,"Annual",1,1), (1 + L75/m)^(m*t) - 1 ) ) ) | N75: =IF(A75="",,IF(ROW()=2, Input!$C$2 + I75, P74 + I75)) | O75: =IF(A75="",, IF(K75="Initial principal", Input!$C$2 * M75, N75 * M75 ) ) | P75: =IF(A75="",,N75 + O75 + J75) | Q75: =IF(A75="",,IF(ROW()=2,O75,Q74+O75)) | R75: {=IF( B75="", , SWITCH( Input!$C$4, "Actual/365 Fixed", YEARFRAC( B75 + IF(INDEX(Input!$K$7:$K1503,ROW()-1),0,1), C75 + IF(INDEX(Input!$L$7:$L1503,ROW()-1),1,0), 3 ), "Anniversary/365", DATEDIF( B75 + IF(INDEX(Input!$K$7:$K1503,ROW()-1),0,1), C75 + IF(INDEX(Input!$L$7:$L1503,ROW()-1),1,0), "Y" ) + ( (C75 + IF(INDEX(Input!$L$7:$L1503,ROW()-1),1,0)) - EDATE( B75 + IF(INDEX(Input!$K$7:$K1503,ROW()-1),0,1), 12*DATEDIF( B75 + IF(INDEX(Input!$K$7:$K1503,ROW()-1),0,1), C75 + IF(INDEX(Input!$L$7:$L1503,ROW()-1),1,0), "Y" ) ) ) / 365, "Actual/Actual", YEARFRAC( B75 + IF(INDEX(Input!$K$7:$K1503,ROW()-1),0,1), C75 + IF(INDEX(Input!$L$7:$L1503,ROW()-1),1,0), 1 ), YEARFRAC( B75 + IF(INDEX(Input!$K$7:$K1503,ROW()-1),0,1), C75 + IF(INDEX(Input!$L$7:$L1503,ROW()-1),1,0), 3 ) ) )} | S75: =IF( E75="", , IF( E75="Simple", L75, (1 + L75 / SWITCH(H75,"Monthly",12,"Quarterly",4,"Semi-annual",2,"Annual",1,1)) ^ SWITCH(H75,"Monthly",12,"Quarterly",4,"Semi-annual",2,"Annual",1,1) - 1 ) ) | T75: {=IF( B75="", , DATEDIF( B75 + IF(INDEX(Input!$K$7:$K1503,ROW()-1),0,1), C75 + IF(INDEX(Input!$L$7:$L1503,ROW()-1),1,0), "Y" ) )} | U75: {=IF( B75="", , (C75 + IF(INDEX(Input!$L$7:$L1503,ROW()-1),1,0)) - EDATE( B75 + IF(INDEX(Input!$K$7:$K1503,ROW()-1),0,1), 12*S75 ) )} | V75: =IF( D75="", , R75*365*366 - 365*D75 ) | W75: =IF( D75="", , D75 - V75 )
I76: 0 | J76: 0 | M76: =IF( E76="", , IF( E76="Simple", L76 * R76, LET( t, R76, m, SWITCH(H76,"Monthly",12,"Quarterly",4,"Semi-annual",2,"Annual",1,1), (1 + L76/m)^(m*t) - 1 ) ) ) | N76: =IF(A76="",,IF(ROW()=2, Input!$C$2 + I76, P75 + I76)) | O76: =IF(A76="",, IF(K76="Initial principal", Input!$C$2 * M76, N76 * M76 ) ) | P76: =IF(A76="",,N76 + O76 + J76) | Q76: =IF(A76="",,IF(ROW()=2,O76,Q75+O76)) | R76: {=IF( B76="", , SWITCH( Input!$C$4, "Actual/365 Fixed", YEARFRAC( B76 + IF(INDEX(Input!$K$7:$K1503,ROW()-1),0,1), C76 + IF(INDEX(Input!$L$7:$L1503,ROW()-1),1,0), 3 ), "Anniversary/365", DATEDIF( B76 + IF(INDEX(Input!$K$7:$K1503,ROW()-1),0,1), C76 + IF(INDEX(Input!$L$7:$L1503,ROW()-1),1,0), "Y" ) + ( (C76 + IF(INDEX(Input!$L$7:$L1503,ROW()-1),1,0)) - EDATE( B76 + IF(INDEX(Input!$K$7:$K1503,ROW()-1),0,1), 12*DATEDIF( B76 + IF(INDEX(Input!$K$7:$K1503,ROW()-1),0,1), C76 + IF(INDEX(Input!$L$7:$L1503,ROW()-1),1,0), "Y" ) ) ) / 365, "Actual/Actual", YEARFRAC( B76 + IF(INDEX(Input!$K$7:$K1503,ROW()-1),0,1), C76 + IF(INDEX(Input!$L$7:$L1503,ROW()-1),1,0), 1 ), YEARFRAC( B76 + IF(INDEX(Input!$K$7:$K1503,ROW()-1),0,1), C76 + IF(INDEX(Input!$L$7:$L1503,ROW()-1),1,0), 3 ) ) )} | S76: =IF( E76="", , IF( E76="Simple", L76, (1 + L76 / SWITCH(H76,"Monthly",12,"Quarterly",4,"Semi-annual",2,"Annual",1,1)) ^ SWITCH(H76,"Monthly",12,"Quarterly",4,"Semi-annual",2,"Annual",1,1) - 1 ) ) | T76: {=IF( B76="", , DATEDIF( B76 + IF(INDEX(Input!$K$7:$K1503,ROW()-1),0,1), C76 + IF(INDEX(Input!$L$7:$L1503,ROW()-1),1,0), "Y" ) )} | U76: {=IF( B76="", , (C76 + IF(INDEX(Input!$L$7:$L1503,ROW()-1),1,0)) - EDATE( B76 + IF(INDEX(Input!$K$7:$K1503,ROW()-1),0,1), 12*S76 ) )} | V76: =IF( D76="", , R76*365*366 - 365*D76 ) | W76: =IF( D76="", , D76 - V76 )
I77: 0 | J77: 0 | M77: =IF( E77="", , IF( E77="Simple", L77 * R77, LET( t, R77, m, SWITCH(H77,"Monthly",12,"Quarterly",4,"Semi-annual",2,"Annual",1,1), (1 + L77/m)^(m*t) - 1 ) ) ) | N77: =IF(A77="",,IF(ROW()=2, Input!$C$2 + I77, P76 + I77)) | O77: =IF(A77="",, IF(K77="Initial principal", Input!$C$2 * M77, N77 * M77 ) ) | P77: =IF(A77="",,N77 + O77 + J77) | Q77: =IF(A77="",,IF(ROW()=2,O77,Q76+O77)) | R77: {=IF( B77="", , SWITCH( Input!$C$4, "Actual/365 Fixed", YEARFRAC( B77 + IF(INDEX(Input!$K$7:$K1503,ROW()-1),0,1), C77 + IF(INDEX(Input!$L$7:$L1503,ROW()-1),1,0), 3 ), "Anniversary/365", DATEDIF( B77 + IF(INDEX(Input!$K$7:$K1503,ROW()-1),0,1), C77 + IF(INDEX(Input!$L$7:$L1503,ROW()-1),1,0), "Y" ) + ( (C77 + IF(INDEX(Input!$L$7:$L1503,ROW()-1),1,0)) - EDATE( B77 + IF(INDEX(Input!$K$7:$K1503,ROW()-1),0,1), 12*DATEDIF( B77 + IF(INDEX(Input!$K$7:$K1503,ROW()-1),0,1), C77 + IF(INDEX(Input!$L$7:$L1503,ROW()-1),1,0), "Y" ) ) ) / 365, "Actual/Actual", YEARFRAC( B77 + IF(INDEX(Input!$K$7:$K1503,ROW()-1),0,1), C77 + IF(INDEX(Input!$L$7:$L1503,ROW()-1),1,0), 1 ), YEARFRAC( B77 + IF(INDEX(Input!$K$7:$K1503,ROW()-1),0,1), C77 + IF(INDEX(Input!$L$7:$L1503,ROW()-1),1,0), 3 ) ) )} | S77: =IF( E77="", , IF( E77="Simple", L77, (1 + L77 / SWITCH(H77,"Monthly",12,"Quarterly",4,"Semi-annual",2,"Annual",1,1)) ^ SWITCH(H77,"Monthly",12,"Quarterly",4,"Semi-annual",2,"Annual",1,1) - 1 ) ) | T77: {=IF( B77="", , DATEDIF( B77 + IF(INDEX(Input!$K$7:$K1503,ROW()-1),0,1), C77 + IF(INDEX(Input!$L$7:$L1503,ROW()-1),1,0), "Y" ) )} | U77: {=IF( B77="", , (C77 + IF(INDEX(Input!$L$7:$L1503,ROW()-1),1,0)) - EDATE( B77 + IF(INDEX(Input!$K$7:$K1503,ROW()-1),0,1), 12*S77 ) )} | V77: =IF( D77="", , R77*365*366 - 365*D77 ) | W77: =IF( D77="", , D77 - V77 )
I78: 0 | J78: 0 | M78: =IF( E78="", , IF( E78="Simple", L78 * R78, LET( t, R78, m, SWITCH(H78,"Monthly",12,"Quarterly",4,"Semi-annual",2,"Annual",1,1), (1 + L78/m)^(m*t) - 1 ) ) ) | N78: =IF(A78="",,IF(ROW()=2, Input!$C$2 + I78, P77 + I78)) | O78: =IF(A78="",, IF(K78="Initial principal", Input!$C$2 * M78, N78 * M78 ) ) | P78: =IF(A78="",,N78 + O78 + J78) | Q78: =IF(A78="",,IF(ROW()=2,O78,Q77+O78)) | R78: {=IF( B78="", , SWITCH( Input!$C$4, "Actual/365 Fixed", YEARFRAC( B78 + IF(INDEX(Input!$K$7:$K1503,ROW()-1),0,1), C78 + IF(INDEX(Input!$L$7:$L1503,ROW()-1),1,0), 3 ), "Anniversary/365", DATEDIF( B78 + IF(INDEX(Input!$K$7:$K1503,ROW()-1),0,1), C78 + IF(INDEX(Input!$L$7:$L1503,ROW()-1),1,0), "Y" ) + ( (C78 + IF(INDEX(Input!$L$7:$L1503,ROW()-1),1,0)) - EDATE( B78 + IF(INDEX(Input!$K$7:$K1503,ROW()-1),0,1), 12*DATEDIF( B78 + IF(INDEX(Input!$K$7:$K1503,ROW()-1),0,1), C78 + IF(INDEX(Input!$L$7:$L1503,ROW()-1),1,0), "Y" ) ) ) / 365, "Actual/Actual", YEARFRAC( B78 + IF(INDEX(Input!$K$7:$K1503,ROW()-1),0,1), C78 + IF(INDEX(Input!$L$7:$L1503,ROW()-1),1,0), 1 ), YEARFRAC( B78 + IF(INDEX(Input!$K$7:$K1503,ROW()-1),0,1), C78 + IF(INDEX(Input!$L$7:$L1503,ROW()-1),1,0), 3 ) ) )} | S78: =IF( E78="", , IF( E78="Simple", L78, (1 + L78 / SWITCH(H78,"Monthly",12,"Quarterly",4,"Semi-annual",2,"Annual",1,1)) ^ SWITCH(H78,"Monthly",12,"Quarterly",4,"Semi-annual",2,"Annual",1,1) - 1 ) ) | T78: {=IF( B78="", , DATEDIF( B78 + IF(INDEX(Input!$K$7:$K1503,ROW()-1),0,1), C78 + IF(INDEX(Input!$L$7:$L1503,ROW()-1),1,0), "Y" ) )} | U78: {=IF( B78="", , (C78 + IF(INDEX(Input!$L$7:$L1503,ROW()-1),1,0)) - EDATE( B78 + IF(INDEX(Input!$K$7:$K1503,ROW()-1),0,1), 12*S78 ) )} | V78: =IF( D78="", , R78*365*366 - 365*D78 ) | W78: =IF( D78="", , D78 - V78 )
I79: 0 | J79: 0 | M79: =IF( E79="", , IF( E79="Simple", L79 * R79, LET( t, R79, m, SWITCH(H79,"Monthly",12,"Quarterly",4,"Semi-annual",2,"Annual",1,1), (1 + L79/m)^(m*t) - 1 ) ) ) | N79: =IF(A79="",,IF(ROW()=2, Input!$C$2 + I79, P78 + I79)) | O79: =IF(A79="",, IF(K79="Initial principal", Input!$C$2 * M79, N79 * M79 ) ) | P79: =IF(A79="",,N79 + O79 + J79) | Q79: =IF(A79="",,IF(ROW()=2,O79,Q78+O79)) | R79: {=IF( B79="", , SWITCH( Input!$C$4, "Actual/365 Fixed", YEARFRAC( B79 + IF(INDEX(Input!$K$7:$K1503,ROW()-1),0,1), C79 + IF(INDEX(Input!$L$7:$L1503,ROW()-1),1,0), 3 ), "Anniversary/365", DATEDIF( B79 + IF(INDEX(Input!$K$7:$K1503,ROW()-1),0,1), C79 + IF(INDEX(Input!$L$7:$L1503,ROW()-1),1,0), "Y" ) + ( (C79 + IF(INDEX(Input!$L$7:$L1503,ROW()-1),1,0)) - EDATE( B79 + IF(INDEX(Input!$K$7:$K1503,ROW()-1),0,1), 12*DATEDIF( B79 + IF(INDEX(Input!$K$7:$K1503,ROW()-1),0,1), C79 + IF(INDEX(Input!$L$7:$L1503,ROW()-1),1,0), "Y" ) ) ) / 365, "Actual/Actual", YEARFRAC( B79 + IF(INDEX(Input!$K$7:$K1503,ROW()-1),0,1), C79 + IF(INDEX(Input!$L$7:$L1503,ROW()-1),1,0), 1 ), YEARFRAC( B79 + IF(INDEX(Input!$K$7:$K1503,ROW()-1),0,1), C79 + IF(INDEX(Input!$L$7:$L1503,ROW()-1),1,0), 3 ) ) )} | S79: =IF( E79="", , IF( E79="Simple", L79, (1 + L79 / SWITCH(H79,"Monthly",12,"Quarterly",4,"Semi-annual",2,"Annual",1,1)) ^ SWITCH(H79,"Monthly",12,"Quarterly",4,"Semi-annual",2,"Annual",1,1) - 1 ) ) | T79: {=IF( B79="", , DATEDIF( B79 + IF(INDEX(Input!$K$7:$K1503,ROW()-1),0,1), C79 + IF(INDEX(Input!$L$7:$L1503,ROW()-1),1,0), "Y" ) )} | U79: {=IF( B79="", , (C79 + IF(INDEX(Input!$L$7:$L1503,ROW()-1),1,0)) - EDATE( B79 + IF(INDEX(Input!$K$7:$K1503,ROW()-1),0,1), 12*S79 ) )} | V79: =IF( D79="", , R79*365*366 - 365*D79 ) | W79: =IF( D79="", , D79 - V79 )
I80: 0 | J80: 0 | M80: =IF( E80="", , IF( E80="Simple", L80 * R80, LET( t, R80, m, SWITCH(H80,"Monthly",12,"Quarterly",4,"Semi-annual",2,"Annual",1,1), (1 + L80/m)^(m*t) - 1 ) ) ) | N80: =IF(A80="",,IF(ROW()=2, Input!$C$2 + I80, P79 + I80)) | O80: =IF(A80="",, IF(K80="Initial principal", Input!$C$2 * M80, N80 * M80 ) ) | P80: =IF(A80="",,N80 + O80 + J80) | Q80: =IF(A80="",,IF(ROW()=2,O80,Q79+O80)) | R80: {=IF( B80="", , SWITCH( Input!$C$4, "Actual/365 Fixed", YEARFRAC( B80 + IF(INDEX(Input!$K$7:$K1503,ROW()-1),0,1), C80 + IF(INDEX(Input!$L$7:$L1503,ROW()-1),1,0), 3 ), "Anniversary/365", DATEDIF( B80 + IF(INDEX(Input!$K$7:$K1503,ROW()-1),0,1), C80 + IF(INDEX(Input!$L$7:$L1503,ROW()-1),1,0), "Y" ) + ( (C80 + IF(INDEX(Input!$L$7:$L1503,ROW()-1),1,0)) - EDATE( B80 + IF(INDEX(Input!$K$7:$K1503,ROW()-1),0,1), 12*DATEDIF( B80 + IF(INDEX(Input!$K$7:$K1503,ROW()-1),0,1), C80 + IF(INDEX(Input!$L$7:$L1503,ROW()-1),1,0), "Y" ) ) ) / 365, "Actual/Actual", YEARFRAC( B80 + IF(INDEX(Input!$K$7:$K1503,ROW()-1),0,1), C80 + IF(INDEX(Input!$L$7:$L1503,ROW()-1),1,0), 1 ), YEARFRAC( B80 + IF(INDEX(Input!$K$7:$K1503,ROW()-1),0,1), C80 + IF(INDEX(Input!$L$7:$L1503,ROW()-1),1,0), 3 ) ) )} | S80: =IF( E80="", , IF( E80="Simple", L80, (1 + L80 / SWITCH(H80,"Monthly",12,"Quarterly",4,"Semi-annual",2,"Annual",1,1)) ^ SWITCH(H80,"Monthly",12,"Quarterly",4,"Semi-annual",2,"Annual",1,1) - 1 ) ) | T80: {=IF( B80="", , DATEDIF( B80 + IF(INDEX(Input!$K$7:$K1503,ROW()-1),0,1), C80 + IF(INDEX(Input!$L$7:$L1503,ROW()-1),1,0), "Y" ) )} | U80: {=IF( B80="", , (C80 + IF(INDEX(Input!$L$7:$L1503,ROW()-1),1,0)) - EDATE( B80 + IF(INDEX(Input!$K$7:$K1503,ROW()-1),0,1), 12*S80 ) )} | V80: =IF( D80="", , R80*365*366 - 365*D80 ) | W80: =IF( D80="", , D80 - V80 )
I81: 0 | J81: 0 | M81: =IF( E81="", , IF( E81="Simple", L81 * R81, LET( t, R81, m, SWITCH(H81,"Monthly",12,"Quarterly",4,"Semi-annual",2,"Annual",1,1), (1 + L81/m)^(m*t) - 1 ) ) ) | N81: =IF(A81="",,IF(ROW()=2, Input!$C$2 + I81, P80 + I81)) | O81: =IF(A81="",, IF(K81="Initial principal", Input!$C$2 * M81, N81 * M81 ) ) | P81: =IF(A81="",,N81 + O81 + J81) | Q81: =IF(A81="",,IF(ROW()=2,O81,Q80+O81)) | R81: {=IF( B81="", , SWITCH( Input!$C$4, "Actual/365 Fixed", YEARFRAC( B81 + IF(INDEX(Input!$K$7:$K1503,ROW()-1),0,1), C81 + IF(INDEX(Input!$L$7:$L1503,ROW()-1),1,0), 3 ), "Anniversary/365", DATEDIF( B81 + IF(INDEX(Input!$K$7:$K1503,ROW()-1),0,1), C81 + IF(INDEX(Input!$L$7:$L1503,ROW()-1),1,0), "Y" ) + ( (C81 + IF(INDEX(Input!$L$7:$L1503,ROW()-1),1,0)) - EDATE( B81 + IF(INDEX(Input!$K$7:$K1503,ROW()-1),0,1), 12*DATEDIF( B81 + IF(INDEX(Input!$K$7:$K1503,ROW()-1),0,1), C81 + IF(INDEX(Input!$L$7:$L1503,ROW()-1),1,0), "Y" ) ) ) / 365, "Actual/Actual", YEARFRAC( B81 + IF(INDEX(Input!$K$7:$K1503,ROW()-1),0,1), C81 + IF(INDEX(Input!$L$7:$L1503,ROW()-1),1,0), 1 ), YEARFRAC( B81 + IF(INDEX(Input!$K$7:$K1503,ROW()-1),0,1), C81 + IF(INDEX(Input!$L$7:$L1503,ROW()-1),1,0), 3 ) ) )} | S81: =IF( E81="", , IF( E81="Simple", L81, (1 + L81 / SWITCH(H81,"Monthly",12,"Quarterly",4,"Semi-annual",2,"Annual",1,1)) ^ SWITCH(H81,"Monthly",12,"Quarterly",4,"Semi-annual",2,"Annual",1,1) - 1 ) ) | T81: {=IF( B81="", , DATEDIF( B81 + IF(INDEX(Input!$K$7:$K1503,ROW()-1),0,1), C81 + IF(INDEX(Input!$L$7:$L1503,ROW()-1),1,0), "Y" ) )} | U81: {=IF( B81="", , (C81 + IF(INDEX(Input!$L$7:$L1503,ROW()-1),1,0)) - EDATE( B81 + IF(INDEX(Input!$K$7:$K1503,ROW()-1),0,1), 12*S81 ) )} | V81: =IF( D81="", , R81*365*366 - 365*D81 ) | W81: =IF( D81="", , D81 - V81 )
I82: 0 | J82: 0 | M82: =IF( E82="", , IF( E82="Simple", L82 * R82, LET( t, R82, m, SWITCH(H82,"Monthly",12,"Quarterly",4,"Semi-annual",2,"Annual",1,1), (1 + L82/m)^(m*t) - 1 ) ) ) | N82: =IF(A82="",,IF(ROW()=2, Input!$C$2 + I82, P81 + I82)) | O82: =IF(A82="",, IF(K82="Initial principal", Input!$C$2 * M82, N82 * M82 ) ) | P82: =IF(A82="",,N82 + O82 + J82) | Q82: =IF(A82="",,IF(ROW()=2,O82,Q81+O82)) | R82: {=IF( B82="", , SWITCH( Input!$C$4, "Actual/365 Fixed", YEARFRAC( B82 + IF(INDEX(Input!$K$7:$K1503,ROW()-1),0,1), C82 + IF(INDEX(Input!$L$7:$L1503,ROW()-1),1,0), 3 ), "Anniversary/365", DATEDIF( B82 + IF(INDEX(Input!$K$7:$K1503,ROW()-1),0,1), C82 + IF(INDEX(Input!$L$7:$L1503,ROW()-1),1,0), "Y" ) + ( (C82 + IF(INDEX(Input!$L$7:$L1503,ROW()-1),1,0)) - EDATE( B82 + IF(INDEX(Input!$K$7:$K1503,ROW()-1),0,1), 12*DATEDIF( B82 + IF(INDEX(Input!$K$7:$K1503,ROW()-1),0,1), C82 + IF(INDEX(Input!$L$7:$L1503,ROW()-1),1,0), "Y" ) ) ) / 365, "Actual/Actual", YEARFRAC( B82 + IF(INDEX(Input!$K$7:$K1503,ROW()-1),0,1), C82 + IF(INDEX(Input!$L$7:$L1503,ROW()-1),1,0), 1 ), YEARFRAC( B82 + IF(INDEX(Input!$K$7:$K1503,ROW()-1),0,1), C82 + IF(INDEX(Input!$L$7:$L1503,ROW()-1),1,0), 3 ) ) )} | S82: =IF( E82="", , IF( E82="Simple", L82, (1 + L82 / SWITCH(H82,"Monthly",12,"Quarterly",4,"Semi-annual",2,"Annual",1,1)) ^ SWITCH(H82,"Monthly",12,"Quarterly",4,"Semi-annual",2,"Annual",1,1) - 1 ) ) | T82: {=IF( B82="", , DATEDIF( B82 + IF(INDEX(Input!$K$7:$K1503,ROW()-1),0,1), C82 + IF(INDEX(Input!$L$7:$L1503,ROW()-1),1,0), "Y" ) )} | U82: {=IF( B82="", , (C82 + IF(INDEX(Input!$L$7:$L1503,ROW()-1),1,0)) - EDATE( B82 + IF(INDEX(Input!$K$7:$K1503,ROW()-1),0,1), 12*S82 ) )} | V82: =IF( D82="", , R82*365*366 - 365*D82 ) | W82: =IF( D82="", , D82 - V82 )
I83: 0 | J83: 0 | M83: =IF( E83="", , IF( E83="Simple", L83 * R83, LET( t, R83, m, SWITCH(H83,"Monthly",12,"Quarterly",4,"Semi-annual",2,"Annual",1,1), (1 + L83/m)^(m*t) - 1 ) ) ) | N83: =IF(A83="",,IF(ROW()=2, Input!$C$2 + I83, P82 + I83)) | O83: =IF(A83="",, IF(K83="Initial principal", Input!$C$2 * M83, N83 * M83 ) ) | P83: =IF(A83="",,N83 + O83 + J83) | Q83: =IF(A83="",,IF(ROW()=2,O83,Q82+O83)) | R83: {=IF( B83="", , SWITCH( Input!$C$4, "Actual/365 Fixed", YEARFRAC( B83 + IF(INDEX(Input!$K$7:$K1503,ROW()-1),0,1), C83 + IF(INDEX(Input!$L$7:$L1503,ROW()-1),1,0), 3 ), "Anniversary/365", DATEDIF( B83 + IF(INDEX(Input!$K$7:$K1503,ROW()-1),0,1), C83 + IF(INDEX(Input!$L$7:$L1503,ROW()-1),1,0), "Y" ) + ( (C83 + IF(INDEX(Input!$L$7:$L1503,ROW()-1),1,0)) - EDATE( B83 + IF(INDEX(Input!$K$7:$K1503,ROW()-1),0,1), 12*DATEDIF( B83 + IF(INDEX(Input!$K$7:$K1503,ROW()-1),0,1), C83 + IF(INDEX(Input!$L$7:$L1503,ROW()-1),1,0), "Y" ) ) ) / 365, "Actual/Actual", YEARFRAC( B83 + IF(INDEX(Input!$K$7:$K1503,ROW()-1),0,1), C83 + IF(INDEX(Input!$L$7:$L1503,ROW()-1),1,0), 1 ), YEARFRAC( B83 + IF(INDEX(Input!$K$7:$K1503,ROW()-1),0,1), C83 + IF(INDEX(Input!$L$7:$L1503,ROW()-1),1,0), 3 ) ) )} | S83: =IF( E83="", , IF( E83="Simple", L83, (1 + L83 / SWITCH(H83,"Monthly",12,"Quarterly",4,"Semi-annual",2,"Annual",1,1)) ^ SWITCH(H83,"Monthly",12,"Quarterly",4,"Semi-annual",2,"Annual",1,1) - 1 ) ) | T83: {=IF( B83="", , DATEDIF( B83 + IF(INDEX(Input!$K$7:$K1503,ROW()-1),0,1), C83 + IF(INDEX(Input!$L$7:$L1503,ROW()-1),1,0), "Y" ) )} | U83: {=IF( B83="", , (C83 + IF(INDEX(Input!$L$7:$L1503,ROW()-1),1,0)) - EDATE( B83 + IF(INDEX(Input!$K$7:$K1503,ROW()-1),0,1), 12*S83 ) )} | V83: =IF( D83="", , R83*365*366 - 365*D83 ) | W83: =IF( D83="", , D83 - V83 )
I84: 0 | J84: 0 | M84: =IF( E84="", , IF( E84="Simple", L84 * R84, LET( t, R84, m, SWITCH(H84,"Monthly",12,"Quarterly",4,"Semi-annual",2,"Annual",1,1), (1 + L84/m)^(m*t) - 1 ) ) ) | N84: =IF(A84="",,IF(ROW()=2, Input!$C$2 + I84, P83 + I84)) | O84: =IF(A84="",, IF(K84="Initial principal", Input!$C$2 * M84, N84 * M84 ) ) | P84: =IF(A84="",,N84 + O84 + J84) | Q84: =IF(A84="",,IF(ROW()=2,O84,Q83+O84)) | R84: {=IF( B84="", , SWITCH( Input!$C$4, "Actual/365 Fixed", YEARFRAC( B84 + IF(INDEX(Input!$K$7:$K1503,ROW()-1),0,1), C84 + IF(INDEX(Input!$L$7:$L1503,ROW()-1),1,0), 3 ), "Anniversary/365", DATEDIF( B84 + IF(INDEX(Input!$K$7:$K1503,ROW()-1),0,1), C84 + IF(INDEX(Input!$L$7:$L1503,ROW()-1),1,0), "Y" ) + ( (C84 + IF(INDEX(Input!$L$7:$L1503,ROW()-1),1,0)) - EDATE( B84 + IF(INDEX(Input!$K$7:$K1503,ROW()-1),0,1), 12*DATEDIF( B84 + IF(INDEX(Input!$K$7:$K1503,ROW()-1),0,1), C84 + IF(INDEX(Input!$L$7:$L1503,ROW()-1),1,0), "Y" ) ) ) / 365, "Actual/Actual", YEARFRAC( B84 + IF(INDEX(Input!$K$7:$K1503,ROW()-1),0,1), C84 + IF(INDEX(Input!$L$7:$L1503,ROW()-1),1,0), 1 ), YEARFRAC( B84 + IF(INDEX(Input!$K$7:$K1503,ROW()-1),0,1), C84 + IF(INDEX(Input!$L$7:$L1503,ROW()-1),1,0), 3 ) ) )} | S84: =IF( E84="", , IF( E84="Simple", L84, (1 + L84 / SWITCH(H84,"Monthly",12,"Quarterly",4,"Semi-annual",2,"Annual",1,1)) ^ SWITCH(H84,"Monthly",12,"Quarterly",4,"Semi-annual",2,"Annual",1,1) - 1 ) ) | T84: {=IF( B84="", , DATEDIF( B84 + IF(INDEX(Input!$K$7:$K1503,ROW()-1),0,1), C84 + IF(INDEX(Input!$L$7:$L1503,ROW()-1),1,0), "Y" ) )} | U84: {=IF( B84="", , (C84 + IF(INDEX(Input!$L$7:$L1503,ROW()-1),1,0)) - EDATE( B84 + IF(INDEX(Input!$K$7:$K1503,ROW()-1),0,1), 12*S84 ) )} | V84: =IF( D84="", , R84*365*366 - 365*D84 ) | W84: =IF( D84="", , D84 - V84 )
I85: 0 | J85: 0 | M85: =IF( E85="", , IF( E85="Simple", L85 * R85, LET( t, R85, m, SWITCH(H85,"Monthly",12,"Quarterly",4,"Semi-annual",2,"Annual",1,1), (1 + L85/m)^(m*t) - 1 ) ) ) | N85: =IF(A85="",,IF(ROW()=2, Input!$C$2 + I85, P84 + I85)) | O85: =IF(A85="",, IF(K85="Initial principal", Input!$C$2 * M85, N85 * M85 ) ) | P85: =IF(A85="",,N85 + O85 + J85) | Q85: =IF(A85="",,IF(ROW()=2,O85,Q84+O85)) | R85: {=IF( B85="", , SWITCH( Input!$C$4, "Actual/365 Fixed", YEARFRAC( B85 + IF(INDEX(Input!$K$7:$K1503,ROW()-1),0,1), C85 + IF(INDEX(Input!$L$7:$L1503,ROW()-1),1,0), 3 ), "Anniversary/365", DATEDIF( B85 + IF(INDEX(Input!$K$7:$K1503,ROW()-1),0,1), C85 + IF(INDEX(Input!$L$7:$L1503,ROW()-1),1,0), "Y" ) + ( (C85 + IF(INDEX(Input!$L$7:$L1503,ROW()-1),1,0)) - EDATE( B85 + IF(INDEX(Input!$K$7:$K1503,ROW()-1),0,1), 12*DATEDIF( B85 + IF(INDEX(Input!$K$7:$K1503,ROW()-1),0,1), C85 + IF(INDEX(Input!$L$7:$L1503,ROW()-1),1,0), "Y" ) ) ) / 365, "Actual/Actual", YEARFRAC( B85 + IF(INDEX(Input!$K$7:$K1503,ROW()-1),0,1), C85 + IF(INDEX(Input!$L$7:$L1503,ROW()-1),1,0), 1 ), YEARFRAC( B85 + IF(INDEX(Input!$K$7:$K1503,ROW()-1),0,1), C85 + IF(INDEX(Input!$L$7:$L1503,ROW()-1),1,0), 3 ) ) )} | S85: =IF( E85="", , IF( E85="Simple", L85, (1 + L85 / SWITCH(H85,"Monthly",12,"Quarterly",4,"Semi-annual",2,"Annual",1,1)) ^ SWITCH(H85,"Monthly",12,"Quarterly",4,"Semi-annual",2,"Annual",1,1) - 1 ) ) | T85: {=IF( B85="", , DATEDIF( B85 + IF(INDEX(Input!$K$7:$K1503,ROW()-1),0,1), C85 + IF(INDEX(Input!$L$7:$L1503,ROW()-1),1,0), "Y" ) )} | U85: {=IF( B85="", , (C85 + IF(INDEX(Input!$L$7:$L1503,ROW()-1),1,0)) - EDATE( B85 + IF(INDEX(Input!$K$7:$K1503,ROW()-1),0,1), 12*S85 ) )} | V85: =IF( D85="", , R85*365*366 - 365*D85 ) | W85: =IF( D85="", , D85 - V85 )
I86: 0 | J86: 0 | M86: =IF( E86="", , IF( E86="Simple", L86 * R86, LET( t, R86, m, SWITCH(H86,"Monthly",12,"Quarterly",4,"Semi-annual",2,"Annual",1,1), (1 + L86/m)^(m*t) - 1 ) ) ) | N86: =IF(A86="",,IF(ROW()=2, Input!$C$2 + I86, P85 + I86)) | O86: =IF(A86="",, IF(K86="Initial principal", Input!$C$2 * M86, N86 * M86 ) ) | P86: =IF(A86="",,N86 + O86 + J86) | Q86: =IF(A86="",,IF(ROW()=2,O86,Q85+O86)) | R86: {=IF( B86="", , SWITCH( Input!$C$4, "Actual/365 Fixed", YEARFRAC( B86 + IF(INDEX(Input!$K$7:$K1503,ROW()-1),0,1), C86 + IF(INDEX(Input!$L$7:$L1503,ROW()-1),1,0), 3 ), "Anniversary/365", DATEDIF( B86 + IF(INDEX(Input!$K$7:$K1503,ROW()-1),0,1), C86 + IF(INDEX(Input!$L$7:$L1503,ROW()-1),1,0), "Y" ) + ( (C86 + IF(INDEX(Input!$L$7:$L1503,ROW()-1),1,0)) - EDATE( B86 + IF(INDEX(Input!$K$7:$K1503,ROW()-1),0,1), 12*DATEDIF( B86 + IF(INDEX(Input!$K$7:$K1503,ROW()-1),0,1), C86 + IF(INDEX(Input!$L$7:$L1503,ROW()-1),1,0), "Y" ) ) ) / 365, "Actual/Actual", YEARFRAC( B86 + IF(INDEX(Input!$K$7:$K1503,ROW()-1),0,1), C86 + IF(INDEX(Input!$L$7:$L1503,ROW()-1),1,0), 1 ), YEARFRAC( B86 + IF(INDEX(Input!$K$7:$K1503,ROW()-1),0,1), C86 + IF(INDEX(Input!$L$7:$L1503,ROW()-1),1,0), 3 ) ) )} | S86: =IF( E86="", , IF( E86="Simple", L86, (1 + L86 / SWITCH(H86,"Monthly",12,"Quarterly",4,"Semi-annual",2,"Annual",1,1)) ^ SWITCH(H86,"Monthly",12,"Quarterly",4,"Semi-annual",2,"Annual",1,1) - 1 ) ) | T86: {=IF( B86="", , DATEDIF( B86 + IF(INDEX(Input!$K$7:$K1503,ROW()-1),0,1), C86 + IF(INDEX(Input!$L$7:$L1503,ROW()-1),1,0), "Y" ) )} | U86: {=IF( B86="", , (C86 + IF(INDEX(Input!$L$7:$L1503,ROW()-1),1,0)) - EDATE( B86 + IF(INDEX(Input!$K$7:$K1503,ROW()-1),0,1), 12*S86 ) )} | V86: =IF( D86="", , R86*365*366 - 365*D86 ) | W86: =IF( D86="", , D86 - V86 )
I87: 0 | J87: 0 | M87: =IF( E87="", , IF( E87="Simple", L87 * R87, LET( t, R87, m, SWITCH(H87,"Monthly",12,"Quarterly",4,"Semi-annual",2,"Annual",1,1), (1 + L87/m)^(m*t) - 1 ) ) ) | N87: =IF(A87="",,IF(ROW()=2, Input!$C$2 + I87, P86 + I87)) | O87: =IF(A87="",, IF(K87="Initial principal", Input!$C$2 * M87, N87 * M87 ) ) | P87: =IF(A87="",,N87 + O87 + J87) | Q87: =IF(A87="",,IF(ROW()=2,O87,Q86+O87)) | R87: {=IF( B87="", , SWITCH( Input!$C$4, "Actual/365 Fixed", YEARFRAC( B87 + IF(INDEX(Input!$K$7:$K1503,ROW()-1),0,1), C87 + IF(INDEX(Input!$L$7:$L1503,ROW()-1),1,0), 3 ), "Anniversary/365", DATEDIF( B87 + IF(INDEX(Input!$K$7:$K1503,ROW()-1),0,1), C87 + IF(INDEX(Input!$L$7:$L1503,ROW()-1),1,0), "Y" ) + ( (C87 + IF(INDEX(Input!$L$7:$L1503,ROW()-1),1,0)) - EDATE( B87 + IF(INDEX(Input!$K$7:$K1503,ROW()-1),0,1), 12*DATEDIF( B87 + IF(INDEX(Input!$K$7:$K1503,ROW()-1),0,1), C87 + IF(INDEX(Input!$L$7:$L1503,ROW()-1),1,0), "Y" ) ) ) / 365, "Actual/Actual", YEARFRAC( B87 + IF(INDEX(Input!$K$7:$K1503,ROW()-1),0,1), C87 + IF(INDEX(Input!$L$7:$L1503,ROW()-1),1,0), 1 ), YEARFRAC( B87 + IF(INDEX(Input!$K$7:$K1503,ROW()-1),0,1), C87 + IF(INDEX(Input!$L$7:$L1503,ROW()-1),1,0), 3 ) ) )} | S87: =IF( E87="", , IF( E87="Simple", L87, (1 + L87 / SWITCH(H87,"Monthly",12,"Quarterly",4,"Semi-annual",2,"Annual",1,1)) ^ SWITCH(H87,"Monthly",12,"Quarterly",4,"Semi-annual",2,"Annual",1,1) - 1 ) ) | T87: {=IF( B87="", , DATEDIF( B87 + IF(INDEX(Input!$K$7:$K1503,ROW()-1),0,1), C87 + IF(INDEX(Input!$L$7:$L1503,ROW()-1),1,0), "Y" ) )} | U87: {=IF( B87="", , (C87 + IF(INDEX(Input!$L$7:$L1503,ROW()-1),1,0)) - EDATE( B87 + IF(INDEX(Input!$K$7:$K1503,ROW()-1),0,1), 12*S87 ) )} | V87: =IF( D87="", , R87*365*366 - 365*D87 ) | W87: =IF( D87="", , D87 - V87 )
I88: 0 | J88: 0 | M88: =IF( E88="", , IF( E88="Simple", L88 * R88, LET( t, R88, m, SWITCH(H88,"Monthly",12,"Quarterly",4,"Semi-annual",2,"Annual",1,1), (1 + L88/m)^(m*t) - 1 ) ) ) | N88: =IF(A88="",,IF(ROW()=2, Input!$C$2 + I88, P87 + I88)) | O88: =IF(A88="",, IF(K88="Initial principal", Input!$C$2 * M88, N88 * M88 ) ) | P88: =IF(A88="",,N88 + O88 + J88) | Q88: =IF(A88="",,IF(ROW()=2,O88,Q87+O88)) | R88: {=IF( B88="", , SWITCH( Input!$C$4, "Actual/365 Fixed", YEARFRAC( B88 + IF(INDEX(Input!$K$7:$K1503,ROW()-1),0,1), C88 + IF(INDEX(Input!$L$7:$L1503,ROW()-1),1,0), 3 ), "Anniversary/365", DATEDIF( B88 + IF(INDEX(Input!$K$7:$K1503,ROW()-1),0,1), C88 + IF(INDEX(Input!$L$7:$L1503,ROW()-1),1,0), "Y" ) + ( (C88 + IF(INDEX(Input!$L$7:$L1503,ROW()-1),1,0)) - EDATE( B88 + IF(INDEX(Input!$K$7:$K1503,ROW()-1),0,1), 12*DATEDIF( B88 + IF(INDEX(Input!$K$7:$K1503,ROW()-1),0,1), C88 + IF(INDEX(Input!$L$7:$L1503,ROW()-1),1,0), "Y" ) ) ) / 365, "Actual/Actual", YEARFRAC( B88 + IF(INDEX(Input!$K$7:$K1503,ROW()-1),0,1), C88 + IF(INDEX(Input!$L$7:$L1503,ROW()-1),1,0), 1 ), YEARFRAC( B88 + IF(INDEX(Input!$K$7:$K1503,ROW()-1),0,1), C88 + IF(INDEX(Input!$L$7:$L1503,ROW()-1),1,0), 3 ) ) )} | S88: =IF( E88="", , IF( E88="Simple", L88, (1 + L88 / SWITCH(H88,"Monthly",12,"Quarterly",4,"Semi-annual",2,"Annual",1,1)) ^ SWITCH(H88,"Monthly",12,"Quarterly",4,"Semi-annual",2,"Annual",1,1) - 1 ) ) | T88: {=IF( B88="", , DATEDIF( B88 + IF(INDEX(Input!$K$7:$K1503,ROW()-1),0,1), C88 + IF(INDEX(Input!$L$7:$L1503,ROW()-1),1,0), "Y" ) )} | U88: {=IF( B88="", , (C88 + IF(INDEX(Input!$L$7:$L1503,ROW()-1),1,0)) - EDATE( B88 + IF(INDEX(Input!$K$7:$K1503,ROW()-1),0,1), 12*S88 ) )} | V88: =IF( D88="", , R88*365*366 - 365*D88 ) | W88: =IF( D88="", , D88 - V88 )
I89: 0 | J89: 0 | M89: =IF( E89="", , IF( E89="Simple", L89 * R89, LET( t, R89, m, SWITCH(H89,"Monthly",12,"Quarterly",4,"Semi-annual",2,"Annual",1,1), (1 + L89/m)^(m*t) - 1 ) ) ) | N89: =IF(A89="",,IF(ROW()=2, Input!$C$2 + I89, P88 + I89)) | O89: =IF(A89="",, IF(K89="Initial principal", Input!$C$2 * M89, N89 * M89 ) ) | P89: =IF(A89="",,N89 + O89 + J89) | Q89: =IF(A89="",,IF(ROW()=2,O89,Q88+O89)) | R89: {=IF( B89="", , SWITCH( Input!$C$4, "Actual/365 Fixed", YEARFRAC( B89 + IF(INDEX(Input!$K$7:$K1503,ROW()-1),0,1), C89 + IF(INDEX(Input!$L$7:$L1503,ROW()-1),1,0), 3 ), "Anniversary/365", DATEDIF( B89 + IF(INDEX(Input!$K$7:$K1503,ROW()-1),0,1), C89 + IF(INDEX(Input!$L$7:$L1503,ROW()-1),1,0), "Y" ) + ( (C89 + IF(INDEX(Input!$L$7:$L1503,ROW()-1),1,0)) - EDATE( B89 + IF(INDEX(Input!$K$7:$K1503,ROW()-1),0,1), 12*DATEDIF( B89 + IF(INDEX(Input!$K$7:$K1503,ROW()-1),0,1), C89 + IF(INDEX(Input!$L$7:$L1503,ROW()-1),1,0), "Y" ) ) ) / 365, "Actual/Actual", YEARFRAC( B89 + IF(INDEX(Input!$K$7:$K1503,ROW()-1),0,1), C89 + IF(INDEX(Input!$L$7:$L1503,ROW()-1),1,0), 1 ), YEARFRAC( B89 + IF(INDEX(Input!$K$7:$K1503,ROW()-1),0,1), C89 + IF(INDEX(Input!$L$7:$L1503,ROW()-1),1,0), 3 ) ) )} | S89: =IF( E89="", , IF( E89="Simple", L89, (1 + L89 / SWITCH(H89,"Monthly",12,"Quarterly",4,"Semi-annual",2,"Annual",1,1)) ^ SWITCH(H89,"Monthly",12,"Quarterly",4,"Semi-annual",2,"Annual",1,1) - 1 ) ) | T89: {=IF( B89="", , DATEDIF( B89 + IF(INDEX(Input!$K$7:$K1503,ROW()-1),0,1), C89 + IF(INDEX(Input!$L$7:$L1503,ROW()-1),1,0), "Y" ) )} | U89: {=IF( B89="", , (C89 + IF(INDEX(Input!$L$7:$L1503,ROW()-1),1,0)) - EDATE( B89 + IF(INDEX(Input!$K$7:$K1503,ROW()-1),0,1), 12*S89 ) )} | V89: =IF( D89="", , R89*365*366 - 365*D89 ) | W89: =IF( D89="", , D89 - V89 )
I90: 0 | J90: 0 | M90: =IF( E90="", , IF( E90="Simple", L90 * R90, LET( t, R90, m, SWITCH(H90,"Monthly",12,"Quarterly",4,"Semi-annual",2,"Annual",1,1), (1 + L90/m)^(m*t) - 1 ) ) ) | N90: =IF(A90="",,IF(ROW()=2, Input!$C$2 + I90, P89 + I90)) | O90: =IF(A90="",, IF(K90="Initial principal", Input!$C$2 * M90, N90 * M90 ) ) | P90: =IF(A90="",,N90 + O90 + J90) | Q90: =IF(A90="",,IF(ROW()=2,O90,Q89+O90)) | R90: {=IF( B90="", , SWITCH( Input!$C$4, "Actual/365 Fixed", YEARFRAC( B90 + IF(INDEX(Input!$K$7:$K1503,ROW()-1),0,1), C90 + IF(INDEX(Input!$L$7:$L1503,ROW()-1),1,0), 3 ), "Anniversary/365", DATEDIF( B90 + IF(INDEX(Input!$K$7:$K1503,ROW()-1),0,1), C90 + IF(INDEX(Input!$L$7:$L1503,ROW()-1),1,0), "Y" ) + ( (C90 + IF(INDEX(Input!$L$7:$L1503,ROW()-1),1,0)) - EDATE( B90 + IF(INDEX(Input!$K$7:$K1503,ROW()-1),0,1), 12*DATEDIF( B90 + IF(INDEX(Input!$K$7:$K1503,ROW()-1),0,1), C90 + IF(INDEX(Input!$L$7:$L1503,ROW()-1),1,0), "Y" ) ) ) / 365, "Actual/Actual", YEARFRAC( B90 + IF(INDEX(Input!$K$7:$K1503,ROW()-1),0,1), C90 + IF(INDEX(Input!$L$7:$L1503,ROW()-1),1,0), 1 ), YEARFRAC( B90 + IF(INDEX(Input!$K$7:$K1503,ROW()-1),0,1), C90 + IF(INDEX(Input!$L$7:$L1503,ROW()-1),1,0), 3 ) ) )} | S90: =IF( E90="", , IF( E90="Simple", L90, (1 + L90 / SWITCH(H90,"Monthly",12,"Quarterly",4,"Semi-annual",2,"Annual",1,1)) ^ SWITCH(H90,"Monthly",12,"Quarterly",4,"Semi-annual",2,"Annual",1,1) - 1 ) ) | T90: {=IF( B90="", , DATEDIF( B90 + IF(INDEX(Input!$K$7:$K1503,ROW()-1),0,1), C90 + IF(INDEX(Input!$L$7:$L1503,ROW()-1),1,0), "Y" ) )} | U90: {=IF( B90="", , (C90 + IF(INDEX(Input!$L$7:$L1503,ROW()-1),1,0)) - EDATE( B90 + IF(INDEX(Input!$K$7:$K1503,ROW()-1),0,1), 12*S90 ) )} | V90: =IF( D90="", , R90*365*366 - 365*D90 ) | W90: =IF( D90="", , D90 - V90 )
I91: 0 | J91: 0 | M91: =IF( E91="", , IF( E91="Simple", L91 * R91, LET( t, R91, m, SWITCH(H91,"Monthly",12,"Quarterly",4,"Semi-annual",2,"Annual",1,1), (1 + L91/m)^(m*t) - 1 ) ) ) | N91: =IF(A91="",,IF(ROW()=2, Input!$C$2 + I91, P90 + I91)) | O91: =IF(A91="",, IF(K91="Initial principal", Input!$C$2 * M91, N91 * M91 ) ) | P91: =IF(A91="",,N91 + O91 + J91) | Q91: =IF(A91="",,IF(ROW()=2,O91,Q90+O91)) | R91: {=IF( B91="", , SWITCH( Input!$C$4, "Actual/365 Fixed", YEARFRAC( B91 + IF(INDEX(Input!$K$7:$K1503,ROW()-1),0,1), C91 + IF(INDEX(Input!$L$7:$L1503,ROW()-1),1,0), 3 ), "Anniversary/365", DATEDIF( B91 + IF(INDEX(Input!$K$7:$K1503,ROW()-1),0,1), C91 + IF(INDEX(Input!$L$7:$L1503,ROW()-1),1,0), "Y" ) + ( (C91 + IF(INDEX(Input!$L$7:$L1503,ROW()-1),1,0)) - EDATE( B91 + IF(INDEX(Input!$K$7:$K1503,ROW()-1),0,1), 12*DATEDIF( B91 + IF(INDEX(Input!$K$7:$K1503,ROW()-1),0,1), C91 + IF(INDEX(Input!$L$7:$L1503,ROW()-1),1,0), "Y" ) ) ) / 365, "Actual/Actual", YEARFRAC( B91 + IF(INDEX(Input!$K$7:$K1503,ROW()-1),0,1), C91 + IF(INDEX(Input!$L$7:$L1503,ROW()-1),1,0), 1 ), YEARFRAC( B91 + IF(INDEX(Input!$K$7:$K1503,ROW()-1),0,1), C91 + IF(INDEX(Input!$L$7:$L1503,ROW()-1),1,0), 3 ) ) )} | S91: =IF( E91="", , IF( E91="Simple", L91, (1 + L91 / SWITCH(H91,"Monthly",12,"Quarterly",4,"Semi-annual",2,"Annual",1,1)) ^ SWITCH(H91,"Monthly",12,"Quarterly",4,"Semi-annual",2,"Annual",1,1) - 1 ) ) | T91: {=IF( B91="", , DATEDIF( B91 + IF(INDEX(Input!$K$7:$K1503,ROW()-1),0,1), C91 + IF(INDEX(Input!$L$7:$L1503,ROW()-1),1,0), "Y" ) )} | U91: {=IF( B91="", , (C91 + IF(INDEX(Input!$L$7:$L1503,ROW()-1),1,0)) - EDATE( B91 + IF(INDEX(Input!$K$7:$K1503,ROW()-1),0,1), 12*S91 ) )} | V91: =IF( D91="", , R91*365*366 - 365*D91 ) | W91: =IF( D91="", , D91 - V91 )
I92: 0 | J92: 0 | M92: =IF( E92="", , IF( E92="Simple", L92 * R92, LET( t, R92, m, SWITCH(H92,"Monthly",12,"Quarterly",4,"Semi-annual",2,"Annual",1,1), (1 + L92/m)^(m*t) - 1 ) ) ) | N92: =IF(A92="",,IF(ROW()=2, Input!$C$2 + I92, P91 + I92)) | O92: =IF(A92="",, IF(K92="Initial principal", Input!$C$2 * M92, N92 * M92 ) ) | P92: =IF(A92="",,N92 + O92 + J92) | Q92: =IF(A92="",,IF(ROW()=2,O92,Q91+O92)) | R92: {=IF( B92="", , SWITCH( Input!$C$4, "Actual/365 Fixed", YEARFRAC( B92 + IF(INDEX(Input!$K$7:$K1503,ROW()-1),0,1), C92 + IF(INDEX(Input!$L$7:$L1503,ROW()-1),1,0), 3 ), "Anniversary/365", DATEDIF( B92 + IF(INDEX(Input!$K$7:$K1503,ROW()-1),0,1), C92 + IF(INDEX(Input!$L$7:$L1503,ROW()-1),1,0), "Y" ) + ( (C92 + IF(INDEX(Input!$L$7:$L1503,ROW()-1),1,0)) - EDATE( B92 + IF(INDEX(Input!$K$7:$K1503,ROW()-1),0,1), 12*DATEDIF( B92 + IF(INDEX(Input!$K$7:$K1503,ROW()-1),0,1), C92 + IF(INDEX(Input!$L$7:$L1503,ROW()-1),1,0), "Y" ) ) ) / 365, "Actual/Actual", YEARFRAC( B92 + IF(INDEX(Input!$K$7:$K1503,ROW()-1),0,1), C92 + IF(INDEX(Input!$L$7:$L1503,ROW()-1),1,0), 1 ), YEARFRAC( B92 + IF(INDEX(Input!$K$7:$K1503,ROW()-1),0,1), C92 + IF(INDEX(Input!$L$7:$L1503,ROW()-1),1,0), 3 ) ) )} | S92: =IF( E92="", , IF( E92="Simple", L92, (1 + L92 / SWITCH(H92,"Monthly",12,"Quarterly",4,"Semi-annual",2,"Annual",1,1)) ^ SWITCH(H92,"Monthly",12,"Quarterly",4,"Semi-annual",2,"Annual",1,1) - 1 ) ) | T92: {=IF( B92="", , DATEDIF( B92 + IF(INDEX(Input!$K$7:$K1503,ROW()-1),0,1), C92 + IF(INDEX(Input!$L$7:$L1503,ROW()-1),1,0), "Y" ) )} | U92: {=IF( B92="", , (C92 + IF(INDEX(Input!$L$7:$L1503,ROW()-1),1,0)) - EDATE( B92 + IF(INDEX(Input!$K$7:$K1503,ROW()-1),0,1), 12*S92 ) )} | V92: =IF( D92="", , R92*365*366 - 365*D92 ) | W92: =IF( D92="", , D92 - V92 )
I93: 0 | J93: 0 | M93: =IF( E93="", , IF( E93="Simple", L93 * R93, LET( t, R93, m, SWITCH(H93,"Monthly",12,"Quarterly",4,"Semi-annual",2,"Annual",1,1), (1 + L93/m)^(m*t) - 1 ) ) ) | N93: =IF(A93="",,IF(ROW()=2, Input!$C$2 + I93, P92 + I93)) | O93: =IF(A93="",, IF(K93="Initial principal", Input!$C$2 * M93, N93 * M93 ) ) | P93: =IF(A93="",,N93 + O93 + J93) | Q93: =IF(A93="",,IF(ROW()=2,O93,Q92+O93)) | R93: {=IF( B93="", , SWITCH( Input!$C$4, "Actual/365 Fixed", YEARFRAC( B93 + IF(INDEX(Input!$K$7:$K1503,ROW()-1),0,1), C93 + IF(INDEX(Input!$L$7:$L1503,ROW()-1),1,0), 3 ), "Anniversary/365", DATEDIF( B93 + IF(INDEX(Input!$K$7:$K1503,ROW()-1),0,1), C93 + IF(INDEX(Input!$L$7:$L1503,ROW()-1),1,0), "Y" ) + ( (C93 + IF(INDEX(Input!$L$7:$L1503,ROW()-1),1,0)) - EDATE( B93 + IF(INDEX(Input!$K$7:$K1503,ROW()-1),0,1), 12*DATEDIF( B93 + IF(INDEX(Input!$K$7:$K1503,ROW()-1),0,1), C93 + IF(INDEX(Input!$L$7:$L1503,ROW()-1),1,0), "Y" ) ) ) / 365, "Actual/Actual", YEARFRAC( B93 + IF(INDEX(Input!$K$7:$K1503,ROW()-1),0,1), C93 + IF(INDEX(Input!$L$7:$L1503,ROW()-1),1,0), 1 ), YEARFRAC( B93 + IF(INDEX(Input!$K$7:$K1503,ROW()-1),0,1), C93 + IF(INDEX(Input!$L$7:$L1503,ROW()-1),1,0), 3 ) ) )} | S93: =IF( E93="", , IF( E93="Simple", L93, (1 + L93 / SWITCH(H93,"Monthly",12,"Quarterly",4,"Semi-annual",2,"Annual",1,1)) ^ SWITCH(H93,"Monthly",12,"Quarterly",4,"Semi-annual",2,"Annual",1,1) - 1 ) ) | T93: {=IF( B93="", , DATEDIF( B93 + IF(INDEX(Input!$K$7:$K1503,ROW()-1),0,1), C93 + IF(INDEX(Input!$L$7:$L1503,ROW()-1),1,0), "Y" ) )} | U93: {=IF( B93="", , (C93 + IF(INDEX(Input!$L$7:$L1503,ROW()-1),1,0)) - EDATE( B93 + IF(INDEX(Input!$K$7:$K1503,ROW()-1),0,1), 12*S93 ) )} | V93: =IF( D93="", , R93*365*366 - 365*D93 ) | W93: =IF( D93="", , D93 - V93 )
I94: 0 | J94: 0 | M94: =IF( E94="", , IF( E94="Simple", L94 * R94, LET( t, R94, m, SWITCH(H94,"Monthly",12,"Quarterly",4,"Semi-annual",2,"Annual",1,1), (1 + L94/m)^(m*t) - 1 ) ) ) | N94: =IF(A94="",,IF(ROW()=2, Input!$C$2 + I94, P93 + I94)) | O94: =IF(A94="",, IF(K94="Initial principal", Input!$C$2 * M94, N94 * M94 ) ) | P94: =IF(A94="",,N94 + O94 + J94) | Q94: =IF(A94="",,IF(ROW()=2,O94,Q93+O94)) | R94: {=IF( B94="", , SWITCH( Input!$C$4, "Actual/365 Fixed", YEARFRAC( B94 + IF(INDEX(Input!$K$7:$K1503,ROW()-1),0,1), C94 + IF(INDEX(Input!$L$7:$L1503,ROW()-1),1,0), 3 ), "Anniversary/365", DATEDIF( B94 + IF(INDEX(Input!$K$7:$K1503,ROW()-1),0,1), C94 + IF(INDEX(Input!$L$7:$L1503,ROW()-1),1,0), "Y" ) + ( (C94 + IF(INDEX(Input!$L$7:$L1503,ROW()-1),1,0)) - EDATE( B94 + IF(INDEX(Input!$K$7:$K1503,ROW()-1),0,1), 12*DATEDIF( B94 + IF(INDEX(Input!$K$7:$K1503,ROW()-1),0,1), C94 + IF(INDEX(Input!$L$7:$L1503,ROW()-1),1,0), "Y" ) ) ) / 365, "Actual/Actual", YEARFRAC( B94 + IF(INDEX(Input!$K$7:$K1503,ROW()-1),0,1), C94 + IF(INDEX(Input!$L$7:$L1503,ROW()-1),1,0), 1 ), YEARFRAC( B94 + IF(INDEX(Input!$K$7:$K1503,ROW()-1),0,1), C94 + IF(INDEX(Input!$L$7:$L1503,ROW()-1),1,0), 3 ) ) )} | S94: =IF( E94="", , IF( E94="Simple", L94, (1 + L94 / SWITCH(H94,"Monthly",12,"Quarterly",4,"Semi-annual",2,"Annual",1,1)) ^ SWITCH(H94,"Monthly",12,"Quarterly",4,"Semi-annual",2,"Annual",1,1) - 1 ) ) | T94: {=IF( B94="", , DATEDIF( B94 + IF(INDEX(Input!$K$7:$K1503,ROW()-1),0,1), C94 + IF(INDEX(Input!$L$7:$L1503,ROW()-1),1,0), "Y" ) )} | U94: {=IF( B94="", , (C94 + IF(INDEX(Input!$L$7:$L1503,ROW()-1),1,0)) - EDATE( B94 + IF(INDEX(Input!$K$7:$K1503,ROW()-1),0,1), 12*S94 ) )} | V94: =IF( D94="", , R94*365*366 - 365*D94 ) | W94: =IF( D94="", , D94 - V94 )
I95: 0 | J95: 0 | M95: =IF( E95="", , IF( E95="Simple", L95 * R95, LET( t, R95, m, SWITCH(H95,"Monthly",12,"Quarterly",4,"Semi-annual",2,"Annual",1,1), (1 + L95/m)^(m*t) - 1 ) ) ) | N95: =IF(A95="",,IF(ROW()=2, Input!$C$2 + I95, P94 + I95)) | O95: =IF(A95="",, IF(K95="Initial principal", Input!$C$2 * M95, N95 * M95 ) ) | P95: =IF(A95="",,N95 + O95 + J95) | Q95: =IF(A95="",,IF(ROW()=2,O95,Q94+O95)) | R95: {=IF( B95="", , SWITCH( Input!$C$4, "Actual/365 Fixed", YEARFRAC( B95 + IF(INDEX(Input!$K$7:$K1503,ROW()-1),0,1), C95 + IF(INDEX(Input!$L$7:$L1503,ROW()-1),1,0), 3 ), "Anniversary/365", DATEDIF( B95 + IF(INDEX(Input!$K$7:$K1503,ROW()-1),0,1), C95 + IF(INDEX(Input!$L$7:$L1503,ROW()-1),1,0), "Y" ) + ( (C95 + IF(INDEX(Input!$L$7:$L1503,ROW()-1),1,0)) - EDATE( B95 + IF(INDEX(Input!$K$7:$K1503,ROW()-1),0,1), 12*DATEDIF( B95 + IF(INDEX(Input!$K$7:$K1503,ROW()-1),0,1), C95 + IF(INDEX(Input!$L$7:$L1503,ROW()-1),1,0), "Y" ) ) ) / 365, "Actual/Actual", YEARFRAC( B95 + IF(INDEX(Input!$K$7:$K1503,ROW()-1),0,1), C95 + IF(INDEX(Input!$L$7:$L1503,ROW()-1),1,0), 1 ), YEARFRAC( B95 + IF(INDEX(Input!$K$7:$K1503,ROW()-1),0,1), C95 + IF(INDEX(Input!$L$7:$L1503,ROW()-1),1,0), 3 ) ) )} | S95: =IF( E95="", , IF( E95="Simple", L95, (1 + L95 / SWITCH(H95,"Monthly",12,"Quarterly",4,"Semi-annual",2,"Annual",1,1)) ^ SWITCH(H95,"Monthly",12,"Quarterly",4,"Semi-annual",2,"Annual",1,1) - 1 ) ) | T95: {=IF( B95="", , DATEDIF( B95 + IF(INDEX(Input!$K$7:$K1503,ROW()-1),0,1), C95 + IF(INDEX(Input!$L$7:$L1503,ROW()-1),1,0), "Y" ) )} | U95: {=IF( B95="", , (C95 + IF(INDEX(Input!$L$7:$L1503,ROW()-1),1,0)) - EDATE( B95 + IF(INDEX(Input!$K$7:$K1503,ROW()-1),0,1), 12*S95 ) )} | V95: =IF( D95="", , R95*365*366 - 365*D95 ) | W95: =IF( D95="", , D95 - V95 )
I96: 0 | J96: 0 | M96: =IF( E96="", , IF( E96="Simple", L96 * R96, LET( t, R96, m, SWITCH(H96,"Monthly",12,"Quarterly",4,"Semi-annual",2,"Annual",1,1), (1 + L96/m)^(m*t) - 1 ) ) ) | N96: =IF(A96="",,IF(ROW()=2, Input!$C$2 + I96, P95 + I96)) | O96: =IF(A96="",, IF(K96="Initial principal", Input!$C$2 * M96, N96 * M96 ) ) | P96: =IF(A96="",,N96 + O96 + J96) | Q96: =IF(A96="",,IF(ROW()=2,O96,Q95+O96)) | R96: {=IF( B96="", , SWITCH( Input!$C$4, "Actual/365 Fixed", YEARFRAC( B96 + IF(INDEX(Input!$K$7:$K1503,ROW()-1),0,1), C96 + IF(INDEX(Input!$L$7:$L1503,ROW()-1),1,0), 3 ), "Anniversary/365", DATEDIF( B96 + IF(INDEX(Input!$K$7:$K1503,ROW()-1),0,1), C96 + IF(INDEX(Input!$L$7:$L1503,ROW()-1),1,0), "Y" ) + ( (C96 + IF(INDEX(Input!$L$7:$L1503,ROW()-1),1,0)) - EDATE( B96 + IF(INDEX(Input!$K$7:$K1503,ROW()-1),0,1), 12*DATEDIF( B96 + IF(INDEX(Input!$K$7:$K1503,ROW()-1),0,1), C96 + IF(INDEX(Input!$L$7:$L1503,ROW()-1),1,0), "Y" ) ) ) / 365, "Actual/Actual", YEARFRAC( B96 + IF(INDEX(Input!$K$7:$K1503,ROW()-1),0,1), C96 + IF(INDEX(Input!$L$7:$L1503,ROW()-1),1,0), 1 ), YEARFRAC( B96 + IF(INDEX(Input!$K$7:$K1503,ROW()-1),0,1), C96 + IF(INDEX(Input!$L$7:$L1503,ROW()-1),1,0), 3 ) ) )} | S96: =IF( E96="", , IF( E96="Simple", L96, (1 + L96 / SWITCH(H96,"Monthly",12,"Quarterly",4,"Semi-annual",2,"Annual",1,1)) ^ SWITCH(H96,"Monthly",12,"Quarterly",4,"Semi-annual",2,"Annual",1,1) - 1 ) ) | T96: {=IF( B96="", , DATEDIF( B96 + IF(INDEX(Input!$K$7:$K1503,ROW()-1),0,1), C96 + IF(INDEX(Input!$L$7:$L1503,ROW()-1),1,0), "Y" ) )} | U96: {=IF( B96="", , (C96 + IF(INDEX(Input!$L$7:$L1503,ROW()-1),1,0)) - EDATE( B96 + IF(INDEX(Input!$K$7:$K1503,ROW()-1),0,1), 12*S96 ) )} | V96: =IF( D96="", , R96*365*366 - 365*D96 ) | W96: =IF( D96="", , D96 - V96 )
I97: 0 | J97: 0 | M97: =IF( E97="", , IF( E97="Simple", L97 * R97, LET( t, R97, m, SWITCH(H97,"Monthly",12,"Quarterly",4,"Semi-annual",2,"Annual",1,1), (1 + L97/m)^(m*t) - 1 ) ) ) | N97: =IF(A97="",,IF(ROW()=2, Input!$C$2 + I97, P96 + I97)) | O97: =IF(A97="",, IF(K97="Initial principal", Input!$C$2 * M97, N97 * M97 ) ) | P97: =IF(A97="",,N97 + O97 + J97) | Q97: =IF(A97="",,IF(ROW()=2,O97,Q96+O97)) | R97: {=IF( B97="", , SWITCH( Input!$C$4, "Actual/365 Fixed", YEARFRAC( B97 + IF(INDEX(Input!$K$7:$K1503,ROW()-1),0,1), C97 + IF(INDEX(Input!$L$7:$L1503,ROW()-1),1,0), 3 ), "Anniversary/365", DATEDIF( B97 + IF(INDEX(Input!$K$7:$K1503,ROW()-1),0,1), C97 + IF(INDEX(Input!$L$7:$L1503,ROW()-1),1,0), "Y" ) + ( (C97 + IF(INDEX(Input!$L$7:$L1503,ROW()-1),1,0)) - EDATE( B97 + IF(INDEX(Input!$K$7:$K1503,ROW()-1),0,1), 12*DATEDIF( B97 + IF(INDEX(Input!$K$7:$K1503,ROW()-1),0,1), C97 + IF(INDEX(Input!$L$7:$L1503,ROW()-1),1,0), "Y" ) ) ) / 365, "Actual/Actual", YEARFRAC( B97 + IF(INDEX(Input!$K$7:$K1503,ROW()-1),0,1), C97 + IF(INDEX(Input!$L$7:$L1503,ROW()-1),1,0), 1 ), YEARFRAC( B97 + IF(INDEX(Input!$K$7:$K1503,ROW()-1),0,1), C97 + IF(INDEX(Input!$L$7:$L1503,ROW()-1),1,0), 3 ) ) )} | S97: =IF( E97="", , IF( E97="Simple", L97, (1 + L97 / SWITCH(H97,"Monthly",12,"Quarterly",4,"Semi-annual",2,"Annual",1,1)) ^ SWITCH(H97,"Monthly",12,"Quarterly",4,"Semi-annual",2,"Annual",1,1) - 1 ) ) | T97: {=IF( B97="", , DATEDIF( B97 + IF(INDEX(Input!$K$7:$K1503,ROW()-1),0,1), C97 + IF(INDEX(Input!$L$7:$L1503,ROW()-1),1,0), "Y" ) )} | U97: {=IF( B97="", , (C97 + IF(INDEX(Input!$L$7:$L1503,ROW()-1),1,0)) - EDATE( B97 + IF(INDEX(Input!$K$7:$K1503,ROW()-1),0,1), 12*S97 ) )} | V97: =IF( D97="", , R97*365*366 - 365*D97 ) | W97: =IF( D97="", , D97 - V97 )
I98: 0 | J98: 0 | M98: =IF( E98="", , IF( E98="Simple", L98 * R98, LET( t, R98, m, SWITCH(H98,"Monthly",12,"Quarterly",4,"Semi-annual",2,"Annual",1,1), (1 + L98/m)^(m*t) - 1 ) ) ) | N98: =IF(A98="",,IF(ROW()=2, Input!$C$2 + I98, P97 + I98)) | O98: =IF(A98="",, IF(K98="Initial principal", Input!$C$2 * M98, N98 * M98 ) ) | P98: =IF(A98="",,N98 + O98 + J98) | Q98: =IF(A98="",,IF(ROW()=2,O98,Q97+O98)) | R98: {=IF( B98="", , SWITCH( Input!$C$4, "Actual/365 Fixed", YEARFRAC( B98 + IF(INDEX(Input!$K$7:$K1503,ROW()-1),0,1), C98 + IF(INDEX(Input!$L$7:$L1503,ROW()-1),1,0), 3 ), "Anniversary/365", DATEDIF( B98 + IF(INDEX(Input!$K$7:$K1503,ROW()-1),0,1), C98 + IF(INDEX(Input!$L$7:$L1503,ROW()-1),1,0), "Y" ) + ( (C98 + IF(INDEX(Input!$L$7:$L1503,ROW()-1),1,0)) - EDATE( B98 + IF(INDEX(Input!$K$7:$K1503,ROW()-1),0,1), 12*DATEDIF( B98 + IF(INDEX(Input!$K$7:$K1503,ROW()-1),0,1), C98 + IF(INDEX(Input!$L$7:$L1503,ROW()-1),1,0), "Y" ) ) ) / 365, "Actual/Actual", YEARFRAC( B98 + IF(INDEX(Input!$K$7:$K1503,ROW()-1),0,1), C98 + IF(INDEX(Input!$L$7:$L1503,ROW()-1),1,0), 1 ), YEARFRAC( B98 + IF(INDEX(Input!$K$7:$K1503,ROW()-1),0,1), C98 + IF(INDEX(Input!$L$7:$L1503,ROW()-1),1,0), 3 ) ) )} | S98: =IF( E98="", , IF( E98="Simple", L98, (1 + L98 / SWITCH(H98,"Monthly",12,"Quarterly",4,"Semi-annual",2,"Annual",1,1)) ^ SWITCH(H98,"Monthly",12,"Quarterly",4,"Semi-annual",2,"Annual",1,1) - 1 ) ) | T98: {=IF( B98="", , DATEDIF( B98 + IF(INDEX(Input!$K$7:$K1503,ROW()-1),0,1), C98 + IF(INDEX(Input!$L$7:$L1503,ROW()-1),1,0), "Y" ) )} | U98: {=IF( B98="", , (C98 + IF(INDEX(Input!$L$7:$L1503,ROW()-1),1,0)) - EDATE( B98 + IF(INDEX(Input!$K$7:$K1503,ROW()-1),0,1), 12*S98 ) )} | V98: =IF( D98="", , R98*365*366 - 365*D98 ) | W98: =IF( D98="", , D98 - V98 )
I99: 0 | J99: 0 | M99: =IF( E99="", , IF( E99="Simple", L99 * R99, LET( t, R99, m, SWITCH(H99,"Monthly",12,"Quarterly",4,"Semi-annual",2,"Annual",1,1), (1 + L99/m)^(m*t) - 1 ) ) ) | N99: =IF(A99="",,IF(ROW()=2, Input!$C$2 + I99, P98 + I99)) | O99: =IF(A99="",, IF(K99="Initial principal", Input!$C$2 * M99, N99 * M99 ) ) | P99: =IF(A99="",,N99 + O99 + J99) | Q99: =IF(A99="",,IF(ROW()=2,O99,Q98+O99)) | R99: {=IF( B99="", , SWITCH( Input!$C$4, "Actual/365 Fixed", YEARFRAC( B99 + IF(INDEX(Input!$K$7:$K1503,ROW()-1),0,1), C99 + IF(INDEX(Input!$L$7:$L1503,ROW()-1),1,0), 3 ), "Anniversary/365", DATEDIF( B99 + IF(INDEX(Input!$K$7:$K1503,ROW()-1),0,1), C99 + IF(INDEX(Input!$L$7:$L1503,ROW()-1),1,0), "Y" ) + ( (C99 + IF(INDEX(Input!$L$7:$L1503,ROW()-1),1,0)) - EDATE( B99 + IF(INDEX(Input!$K$7:$K1503,ROW()-1),0,1), 12*DATEDIF( B99 + IF(INDEX(Input!$K$7:$K1503,ROW()-1),0,1), C99 + IF(INDEX(Input!$L$7:$L1503,ROW()-1),1,0), "Y" ) ) ) / 365, "Actual/Actual", YEARFRAC( B99 + IF(INDEX(Input!$K$7:$K1503,ROW()-1),0,1), C99 + IF(INDEX(Input!$L$7:$L1503,ROW()-1),1,0), 1 ), YEARFRAC( B99 + IF(INDEX(Input!$K$7:$K1503,ROW()-1),0,1), C99 + IF(INDEX(Input!$L$7:$L1503,ROW()-1),1,0), 3 ) ) )} | S99: =IF( E99="", , IF( E99="Simple", L99, (1 + L99 / SWITCH(H99,"Monthly",12,"Quarterly",4,"Semi-annual",2,"Annual",1,1)) ^ SWITCH(H99,"Monthly",12,"Quarterly",4,"Semi-annual",2,"Annual",1,1) - 1 ) ) | T99: {=IF( B99="", , DATEDIF( B99 + IF(INDEX(Input!$K$7:$K1503,ROW()-1),0,1), C99 + IF(INDEX(Input!$L$7:$L1503,ROW()-1),1,0), "Y" ) )} | U99: {=IF( B99="", , (C99 + IF(INDEX(Input!$L$7:$L1503,ROW()-1),1,0)) - EDATE( B99 + IF(INDEX(Input!$K$7:$K1503,ROW()-1),0,1), 12*S99 ) )} | V99: =IF( D99="", , R99*365*366 - 365*D99 ) | W99: =IF( D99="", , D99 - V99 )
I100: 0 | J100: 0 | M100: =IF( E100="", , IF( E100="Simple", L100 * R100, LET( t, R100, m, SWITCH(H100,"Monthly",12,"Quarterly",4,"Semi-annual",2,"Annual",1,1), (1 + L100/m)^(m*t) - 1 ) ) ) | N100: =IF(A100="",,IF(ROW()=2, Input!$C$2 + I100, P99 + I100)) | O100: =IF(A100="",, IF(K100="Initial principal", Input!$C$2 * M100, N100 * M100 ) ) | P100: =IF(A100="",,N100 + O100 + J100) | Q100: =IF(A100="",,IF(ROW()=2,O100,Q99+O100)) | R100: {=IF( B100="", , SWITCH( Input!$C$4, "Actual/365 Fixed", YEARFRAC( B100 + IF(INDEX(Input!$K$7:$K1503,ROW()-1),0,1), C100 + IF(INDEX(Input!$L$7:$L1503,ROW()-1),1,0), 3 ), "Anniversary/365", DATEDIF( B100 + IF(INDEX(Input!$K$7:$K1503,ROW()-1),0,1), C100 + IF(INDEX(Input!$L$7:$L1503,ROW()-1),1,0), "Y" ) + ( (C100 + IF(INDEX(Input!$L$7:$L1503,ROW()-1),1,0)) - EDATE( B100 + IF(INDEX(Input!$K$7:$K1503,ROW()-1),0,1), 12*DATEDIF( B100 + IF(INDEX(Input!$K$7:$K1503,ROW()-1),0,1), C100 + IF(INDEX(Input!$L$7:$L1503,ROW()-1),1,0), "Y" ) ) ) / 365, "Actual/Actual", YEARFRAC( B100 + IF(INDEX(Input!$K$7:$K1503,ROW()-1),0,1), C100 + IF(INDEX(Input!$L$7:$L1503,ROW()-1),1,0), 1 ), YEARFRAC( B100 + IF(INDEX(Input!$K$7:$K1503,ROW()-1),0,1), C100 + IF(INDEX(Input!$L$7:$L1503,ROW()-1),1,0), 3 ) ) )} | S100: =IF( E100="", , IF( E100="Simple", L100, (1 + L100 / SWITCH(H100,"Monthly",12,"Quarterly",4,"Semi-annual",2,"Annual",1,1)) ^ SWITCH(H100,"Monthly",12,"Quarterly",4,"Semi-annual",2,"Annual",1,1) - 1 ) ) | T100: {=IF( B100="", , DATEDIF( B100 + IF(INDEX(Input!$K$7:$K1503,ROW()-1),0,1), C100 + IF(INDEX(Input!$L$7:$L1503,ROW()-1),1,0), "Y" ) )} | U100: {=IF( B100="", , (C100 + IF(INDEX(Input!$L$7:$L1503,ROW()-1),1,0)) - EDATE( B100 + IF(INDEX(Input!$K$7:$K1503,ROW()-1),0,1), 12*S100 ) )} | V100: =IF( D100="", , R100*365*366 - 365*D100 ) | W100: =IF( D100="", , D100 - V100 )
...

Sheet Chart
A1: Date | B1: Principal | C1: Interest | D1: PeriodRow | E1: PrevCumInterest | F1: AccruedInPeriod
A2: {=SEQUENCE( MAX(Calculation!C2:C9627) - Input!$C$3 + 1, 1, Input!$C$3, 1 )} -> 42237 | B2: {=IF( A2:A9627="", , IFERROR( VLOOKUP( A2:A9627, {Calculation!C2:C9627, Calculation!P2:P9627 - Calculation!Q2:Q9627}, 2, TRUE ), Input!$C$2 ) )} -> 10765000 | C2: =IF(D2="","",E2+F2) -> 1474.6575 | D2: =IF(A2="","",MATCH(A2,Calculation!B$2:B9627,1)) -> 1 | E2: {=IF(D2="","",IF(D2=1,0,INDEX(Calculation!Q$2:Q9627,D2-1)))} -> 0 | F2: {=IF($A2="","", LET( r, $D2, startD, INDEX(Calculation!B$2:B9627, r), endD, INDEX(Calculation!C$2:C9627, r), asOf, MIN($A2, endD), elapsedDays, MAX(0, asOf - startD + 1), typ, INDEX(Calculation!E$2:E9627, r), basis, INDEX(Calculation!K$2:K9627, r), annual, INDEX(Calculation!L$2:L9627, r), m, SWITCH(INDEX(Calculation!H$2:H9627, r), "Monthly",12, "Quarterly",4, "Semi-annual",2, "Annual",1, 1 ), base, IF(basis="Initial principal", Input!$C$2, INDEX(Calculation!N$2:N9627, r)), fullInterest, INDEX(Calculation!O$2:O9627, r), IF( typ="Simple", fullInterest * MAX(0, MIN(1, elapsedDays / INDEX(Calculation!D$2:D9627, r))), base * ( (1 + annual/m)^( m*(elapsedDays/365) ) - 1 ) ) ) )} -> 1474.6575
A3: 42238 | B3: 10765000 | C3: =IF(D3="","",E3+F3) -> 2949.3151 | D3: =IF(A3="","",MATCH(A3,Calculation!B$2:B9627,1)) -> 1 | E3: {=IF(D3="","",IF(D3=1,0,INDEX(Calculation!Q$2:Q9627,D3-1)))} -> 0 | F3: {=IF($A3="","", LET( r, $D3, startD, INDEX(Calculation!B$2:B9627, r), endD, INDEX(Calculation!C$2:C9627, r), asOf, MIN($A3, endD), elapsedDays, MAX(0, asOf - startD + 1), typ, INDEX(Calculation!E$2:E9627, r), basis, INDEX(Calculation!K$2:K9627, r), annual, INDEX(Calculation!L$2:L9627, r), m, SWITCH(INDEX(Calculation!H$2:H9627, r), "Monthly",12, "Quarterly",4, "Semi-annual",2, "Annual",1, 1 ), base, IF(basis="Initial principal", Input!$C$2, INDEX(Calculation!N$2:N9627, r)), fullInterest, INDEX(Calculation!O$2:O9627, r), IF( typ="Simple", fullInterest * MAX(0, MIN(1, elapsedDays / INDEX(Calculation!D$2:D9627, r))), base * ( (1 + annual/m)^( m*(elapsedDays/365) ) - 1 ) ) ) )} -> 2949.3151
A4: 42239 | B4: 10765000 | C4: =IF(D4="","",E4+F4) -> 4423.9726 | D4: =IF(A4="","",MATCH(A4,Calculation!B$2:B9627,1)) -> 1 | E4: {=IF(D4="","",IF(D4=1,0,INDEX(Calculation!Q$2:Q9627,D4-1)))} -> 0 | F4: {=IF($A4="","", LET( r, $D4, startD, INDEX(Calculation!B$2:B9627, r), endD, INDEX(Calculation!C$2:C9627, r), asOf, MIN($A4, endD), elapsedDays, MAX(0, asOf - startD + 1), typ, INDEX(Calculation!E$2:E9627, r), basis, INDEX(Calculation!K$2:K9627, r), annual, INDEX(Calculation!L$2:L9627, r), m, SWITCH(INDEX(Calculation!H$2:H9627, r), "Monthly",12, "Quarterly",4, "Semi-annual",2, "Annual",1, 1 ), base, IF(basis="Initial principal", Input!$C$2, INDEX(Calculation!N$2:N9627, r)), fullInterest, INDEX(Calculation!O$2:O9627, r), IF( typ="Simple", fullInterest * MAX(0, MIN(1, elapsedDays / INDEX(Calculation!D$2:D9627, r))), base * ( (1 + annual/m)^( m*(elapsedDays/365) ) - 1 ) ) ) )} -> 4423.9726
A5: 42240 | B5: 10765000 | C5: =IF(D5="","",E5+F5) -> 5898.6301 | D5: =IF(A5="","",MATCH(A5,Calculation!B$2:B9627,1)) -> 1 | E5: {=IF(D5="","",IF(D5=1,0,INDEX(Calculation!Q$2:Q9627,D5-1)))} -> 0 | F5: {=IF($A5="","", LET( r, $D5, startD, INDEX(Calculation!B$2:B9627, r), endD, INDEX(Calculation!C$2:C9627, r), asOf, MIN($A5, endD), elapsedDays, MAX(0, asOf - startD + 1), typ, INDEX(Calculation!E$2:E9627, r), basis, INDEX(Calculation!K$2:K9627, r), annual, INDEX(Calculation!L$2:L9627, r), m, SWITCH(INDEX(Calculation!H$2:H9627, r), "Monthly",12, "Quarterly",4, "Semi-annual",2, "Annual",1, 1 ), base, IF(basis="Initial principal", Input!$C$2, INDEX(Calculation!N$2:N9627, r)), fullInterest, INDEX(Calculation!O$2:O9627, r), IF( typ="Simple", fullInterest * MAX(0, MIN(1, elapsedDays / INDEX(Calculation!D$2:D9627, r))), base * ( (1 + annual/m)^( m*(elapsedDays/365) ) - 1 ) ) ) )} -> 5898.6301
A6: 42241 | B6: 10765000 | C6: =IF(D6="","",E6+F6) -> 7373.2877 | D6: =IF(A6="","",MATCH(A6,Calculation!B$2:B9627,1)) -> 1 | E6: {=IF(D6="","",IF(D6=1,0,INDEX(Calculation!Q$2:Q9627,D6-1)))} -> 0 | F6: {=IF($A6="","", LET( r, $D6, startD, INDEX(Calculation!B$2:B9627, r), endD, INDEX(Calculation!C$2:C9627, r), asOf, MIN($A6, endD), elapsedDays, MAX(0, asOf - startD + 1), typ, INDEX(Calculation!E$2:E9627, r), basis, INDEX(Calculation!K$2:K9627, r), annual, INDEX(Calculation!L$2:L9627, r), m, SWITCH(INDEX(Calculation!H$2:H9627, r), "Monthly",12, "Quarterly",4, "Semi-annual",2, "Annual",1, 1 ), base, IF(basis="Initial principal", Input!$C$2, INDEX(Calculation!N$2:N9627, r)), fullInterest, INDEX(Calculation!O$2:O9627, r), IF( typ="Simple", fullInterest * MAX(0, MIN(1, elapsedDays / INDEX(Calculation!D$2:D9627, r))), base * ( (1 + annual/m)^( m*(elapsedDays/365) ) - 1 ) ) ) )} -> 7373.2877
A7: 42242 | B7: 10765000 | C7: =IF(D7="","",E7+F7) -> 8847.9452 | D7: =IF(A7="","",MATCH(A7,Calculation!B$2:B9627,1)) -> 1 | E7: {=IF(D7="","",IF(D7=1,0,INDEX(Calculation!Q$2:Q9627,D7-1)))} -> 0 | F7: {=IF($A7="","", LET( r, $D7, startD, INDEX(Calculation!B$2:B9627, r), endD, INDEX(Calculation!C$2:C9627, r), asOf, MIN($A7, endD), elapsedDays, MAX(0, asOf - startD + 1), typ, INDEX(Calculation!E$2:E9627, r), basis, INDEX(Calculation!K$2:K9627, r), annual, INDEX(Calculation!L$2:L9627, r), m, SWITCH(INDEX(Calculation!H$2:H9627, r), "Monthly",12, "Quarterly",4, "Semi-annual",2, "Annual",1, 1 ), base, IF(basis="Initial principal", Input!$C$2, INDEX(Calculation!N$2:N9627, r)), fullInterest, INDEX(Calculation!O$2:O9627, r), IF( typ="Simple", fullInterest * MAX(0, MIN(1, elapsedDays / INDEX(Calculation!D$2:D9627, r))), base * ( (1 + annual/m)^( m*(elapsedDays/365) ) - 1 ) ) ) )} -> 8847.9452
A8: 42243 | B8: 10765000 | C8: =IF(D8="","",E8+F8) -> 10322.603 | D8: =IF(A8="","",MATCH(A8,Calculation!B$2:B9627,1)) -> 1 | E8: {=IF(D8="","",IF(D8=1,0,INDEX(Calculation!Q$2:Q9627,D8-1)))} -> 0 | F8: {=IF($A8="","", LET( r, $D8, startD, INDEX(Calculation!B$2:B9627, r), endD, INDEX(Calculation!C$2:C9627, r), asOf, MIN($A8, endD), elapsedDays, MAX(0, asOf - startD + 1), typ, INDEX(Calculation!E$2:E9627, r), basis, INDEX(Calculation!K$2:K9627, r), annual, INDEX(Calculation!L$2:L9627, r), m, SWITCH(INDEX(Calculation!H$2:H9627, r), "Monthly",12, "Quarterly",4, "Semi-annual",2, "Annual",1, 1 ), base, IF(basis="Initial principal", Input!$C$2, INDEX(Calculation!N$2:N9627, r)), fullInterest, INDEX(Calculation!O$2:O9627, r), IF( typ="Simple", fullInterest * MAX(0, MIN(1, elapsedDays / INDEX(Calculation!D$2:D9627, r))), base * ( (1 + annual/m)^( m*(elapsedDays/365) ) - 1 ) ) ) )} -> 10322.603
A9: 42244 | B9: 10765000 | C9: =IF(D9="","",E9+F9) -> 11797.26 | D9: =IF(A9="","",MATCH(A9,Calculation!B$2:B9627,1)) -> 1 | E9: {=IF(D9="","",IF(D9=1,0,INDEX(Calculation!Q$2:Q9627,D9-1)))} -> 0 | F9: {=IF($A9="","", LET( r, $D9, startD, INDEX(Calculation!B$2:B9627, r), endD, INDEX(Calculation!C$2:C9627, r), asOf, MIN($A9, endD), elapsedDays, MAX(0, asOf - startD + 1), typ, INDEX(Calculation!E$2:E9627, r), basis, INDEX(Calculation!K$2:K9627, r), annual, INDEX(Calculation!L$2:L9627, r), m, SWITCH(INDEX(Calculation!H$2:H9627, r), "Monthly",12, "Quarterly",4, "Semi-annual",2, "Annual",1, 1 ), base, IF(basis="Initial principal", Input!$C$2, INDEX(Calculation!N$2:N9627, r)), fullInterest, INDEX(Calculation!O$2:O9627, r), IF( typ="Simple", fullInterest * MAX(0, MIN(1, elapsedDays / INDEX(Calculation!D$2:D9627, r))), base * ( (1 + annual/m)^( m*(elapsedDays/365) ) - 1 ) ) ) )} -> 11797.26
A10: 42245 | B10: 10765000 | C10: =IF(D10="","",E10+F10) -> 13271.918 | D10: =IF(A10="","",MATCH(A10,Calculation!B$2:B9627,1)) -> 1 | E10: {=IF(D10="","",IF(D10=1,0,INDEX(Calculation!Q$2:Q9627,D10-1)))} -> 0 | F10: {=IF($A10="","", LET( r, $D10, startD, INDEX(Calculation!B$2:B9627, r), endD, INDEX(Calculation!C$2:C9627, r), asOf, MIN($A10, endD), elapsedDays, MAX(0, asOf - startD + 1), typ, INDEX(Calculation!E$2:E9627, r), basis, INDEX(Calculation!K$2:K9627, r), annual, INDEX(Calculation!L$2:L9627, r), m, SWITCH(INDEX(Calculation!H$2:H9627, r), "Monthly",12, "Quarterly",4, "Semi-annual",2, "Annual",1, 1 ), base, IF(basis="Initial principal", Input!$C$2, INDEX(Calculation!N$2:N9627, r)), fullInterest, INDEX(Calculation!O$2:O9627, r), IF( typ="Simple", fullInterest * MAX(0, MIN(1, elapsedDays / INDEX(Calculation!D$2:D9627, r))), base * ( (1 + annual/m)^( m*(elapsedDays/365) ) - 1 ) ) ) )} -> 13271.918
A11: 42246 | B11: 10765000 | C11: =IF(D11="","",E11+F11) -> 14746.575 | D11: =IF(A11="","",MATCH(A11,Calculation!B$2:B9627,1)) -> 1 | E11: {=IF(D11="","",IF(D11=1,0,INDEX(Calculation!Q$2:Q9627,D11-1)))} -> 0 | F11: {=IF($A11="","", LET( r, $D11, startD, INDEX(Calculation!B$2:B9627, r), endD, INDEX(Calculation!C$2:C9627, r), asOf, MIN($A11, endD), elapsedDays, MAX(0, asOf - startD + 1), typ, INDEX(Calculation!E$2:E9627, r), basis, INDEX(Calculation!K$2:K9627, r), annual, INDEX(Calculation!L$2:L9627, r), m, SWITCH(INDEX(Calculation!H$2:H9627, r), "Monthly",12, "Quarterly",4, "Semi-annual",2, "Annual",1, 1 ), base, IF(basis="Initial principal", Input!$C$2, INDEX(Calculation!N$2:N9627, r)), fullInterest, INDEX(Calculation!O$2:O9627, r), IF( typ="Simple", fullInterest * MAX(0, MIN(1, elapsedDays / INDEX(Calculation!D$2:D9627, r))), base * ( (1 + annual/m)^( m*(elapsedDays/365) ) - 1 ) ) ) )} -> 14746.575
A12: 42247 | B12: 10765000 | C12: =IF(D12="","",E12+F12) -> 16221.233 | D12: =IF(A12="","",MATCH(A12,Calculation!B$2:B9627,1)) -> 1 | E12: {=IF(D12="","",IF(D12=1,0,INDEX(Calculation!Q$2:Q9627,D12-1)))} -> 0 | F12: {=IF($A12="","", LET( r, $D12, startD, INDEX(Calculation!B$2:B9627, r), endD, INDEX(Calculation!C$2:C9627, r), asOf, MIN($A12, endD), elapsedDays, MAX(0, asOf - startD + 1), typ, INDEX(Calculation!E$2:E9627, r), basis, INDEX(Calculation!K$2:K9627, r), annual, INDEX(Calculation!L$2:L9627, r), m, SWITCH(INDEX(Calculation!H$2:H9627, r), "Monthly",12, "Quarterly",4, "Semi-annual",2, "Annual",1, 1 ), base, IF(basis="Initial principal", Input!$C$2, INDEX(Calculation!N$2:N9627, r)), fullInterest, INDEX(Calculation!O$2:O9627, r), IF( typ="Simple", fullInterest * MAX(0, MIN(1, elapsedDays / INDEX(Calculation!D$2:D9627, r))), base * ( (1 + annual/m)^( m*(elapsedDays/365) ) - 1 ) ) ) )} -> 16221.233
A13: 42248 | B13: 10765000 | C13: =IF(D13="","",E13+F13) -> 17695.89 | D13: =IF(A13="","",MATCH(A13,Calculation!B$2:B9627,1)) -> 1 | E13: {=IF(D13="","",IF(D13=1,0,INDEX(Calculation!Q$2:Q9627,D13-1)))} -> 0 | F13: {=IF($A13="","", LET( r, $D13, startD, INDEX(Calculation!B$2:B9627, r), endD, INDEX(Calculation!C$2:C9627, r), asOf, MIN($A13, endD), elapsedDays, MAX(0, asOf - startD + 1), typ, INDEX(Calculation!E$2:E9627, r), basis, INDEX(Calculation!K$2:K9627, r), annual, INDEX(Calculation!L$2:L9627, r), m, SWITCH(INDEX(Calculation!H$2:H9627, r), "Monthly",12, "Quarterly",4, "Semi-annual",2, "Annual",1, 1 ), base, IF(basis="Initial principal", Input!$C$2, INDEX(Calculation!N$2:N9627, r)), fullInterest, INDEX(Calculation!O$2:O9627, r), IF( typ="Simple", fullInterest * MAX(0, MIN(1, elapsedDays / INDEX(Calculation!D$2:D9627, r))), base * ( (1 + annual/m)^( m*(elapsedDays/365) ) - 1 ) ) ) )} -> 17695.89
A14: 42249 | B14: 10765000 | C14: =IF(D14="","",E14+F14) -> 19170.548 | D14: =IF(A14="","",MATCH(A14,Calculation!B$2:B9627,1)) -> 1 | E14: {=IF(D14="","",IF(D14=1,0,INDEX(Calculation!Q$2:Q9627,D14-1)))} -> 0 | F14: {=IF($A14="","", LET( r, $D14, startD, INDEX(Calculation!B$2:B9627, r), endD, INDEX(Calculation!C$2:C9627, r), asOf, MIN($A14, endD), elapsedDays, MAX(0, asOf - startD + 1), typ, INDEX(Calculation!E$2:E9627, r), basis, INDEX(Calculation!K$2:K9627, r), annual, INDEX(Calculation!L$2:L9627, r), m, SWITCH(INDEX(Calculation!H$2:H9627, r), "Monthly",12, "Quarterly",4, "Semi-annual",2, "Annual",1, 1 ), base, IF(basis="Initial principal", Input!$C$2, INDEX(Calculation!N$2:N9627, r)), fullInterest, INDEX(Calculation!O$2:O9627, r), IF( typ="Simple", fullInterest * MAX(0, MIN(1, elapsedDays / INDEX(Calculation!D$2:D9627, r))), base * ( (1 + annual/m)^( m*(elapsedDays/365) ) - 1 ) ) ) )} -> 19170.548
A15: 42250 | B15: 10765000 | C15: =IF(D15="","",E15+F15) -> 20645.205 | D15: =IF(A15="","",MATCH(A15,Calculation!B$2:B9627,1)) -> 1 | E15: {=IF(D15="","",IF(D15=1,0,INDEX(Calculation!Q$2:Q9627,D15-1)))} -> 0 | F15: {=IF($A15="","", LET( r, $D15, startD, INDEX(Calculation!B$2:B9627, r), endD, INDEX(Calculation!C$2:C9627, r), asOf, MIN($A15, endD), elapsedDays, MAX(0, asOf - startD + 1), typ, INDEX(Calculation!E$2:E9627, r), basis, INDEX(Calculation!K$2:K9627, r), annual, INDEX(Calculation!L$2:L9627, r), m, SWITCH(INDEX(Calculation!H$2:H9627, r), "Monthly",12, "Quarterly",4, "Semi-annual",2, "Annual",1, 1 ), base, IF(basis="Initial principal", Input!$C$2, INDEX(Calculation!N$2:N9627, r)), fullInterest, INDEX(Calculation!O$2:O9627, r), IF( typ="Simple", fullInterest * MAX(0, MIN(1, elapsedDays / INDEX(Calculation!D$2:D9627, r))), base * ( (1 + annual/m)^( m*(elapsedDays/365) ) - 1 ) ) ) )} -> 20645.205
A16: 42251 | B16: 10765000 | C16: =IF(D16="","",E16+F16) -> 22119.863 | D16: =IF(A16="","",MATCH(A16,Calculation!B$2:B9627,1)) -> 1 | E16: {=IF(D16="","",IF(D16=1,0,INDEX(Calculation!Q$2:Q9627,D16-1)))} -> 0 | F16: {=IF($A16="","", LET( r, $D16, startD, INDEX(Calculation!B$2:B9627, r), endD, INDEX(Calculation!C$2:C9627, r), asOf, MIN($A16, endD), elapsedDays, MAX(0, asOf - startD + 1), typ, INDEX(Calculation!E$2:E9627, r), basis, INDEX(Calculation!K$2:K9627, r), annual, INDEX(Calculation!L$2:L9627, r), m, SWITCH(INDEX(Calculation!H$2:H9627, r), "Monthly",12, "Quarterly",4, "Semi-annual",2, "Annual",1, 1 ), base, IF(basis="Initial principal", Input!$C$2, INDEX(Calculation!N$2:N9627, r)), fullInterest, INDEX(Calculation!O$2:O9627, r), IF( typ="Simple", fullInterest * MAX(0, MIN(1, elapsedDays / INDEX(Calculation!D$2:D9627, r))), base * ( (1 + annual/m)^( m*(elapsedDays/365) ) - 1 ) ) ) )} -> 22119.863
A17: 42252 | B17: 10765000 | C17: =IF(D17="","",E17+F17) -> 23594.521 | D17: =IF(A17="","",MATCH(A17,Calculation!B$2:B9627,1)) -> 1 | E17: {=IF(D17="","",IF(D17=1,0,INDEX(Calculation!Q$2:Q9627,D17-1)))} -> 0 | F17: {=IF($A17="","", LET( r, $D17, startD, INDEX(Calculation!B$2:B9627, r), endD, INDEX(Calculation!C$2:C9627, r), asOf, MIN($A17, endD), elapsedDays, MAX(0, asOf - startD + 1), typ, INDEX(Calculation!E$2:E9627, r), basis, INDEX(Calculation!K$2:K9627, r), annual, INDEX(Calculation!L$2:L9627, r), m, SWITCH(INDEX(Calculation!H$2:H9627, r), "Monthly",12, "Quarterly",4, "Semi-annual",2, "Annual",1, 1 ), base, IF(basis="Initial principal", Input!$C$2, INDEX(Calculation!N$2:N9627, r)), fullInterest, INDEX(Calculation!O$2:O9627, r), IF( typ="Simple", fullInterest * MAX(0, MIN(1, elapsedDays / INDEX(Calculation!D$2:D9627, r))), base * ( (1 + annual/m)^( m*(elapsedDays/365) ) - 1 ) ) ) )} -> 23594.521
